time,temperature_2m_max,temperature_2m_min,apparent_temperature_max,apparent_temperature_min,sunrise,sunset,precipitation_sum,wind_speed_10m_max,city_name
2025-01-01,54.2,42.4,51.3,39.3,2025-01-01 08:25:00,2025-01-01 18:01:00,0.0,5.9,San Francisco
2025-01-02,58.3,46.2,55.7,41.8,2025-01-02 08:25:00,2025-01-02 18:02:00,0.0,7.2,San Francisco
2025-01-03,55.2,47.1,52.6,45.7,2025-01-03 08:25:00,2025-01-03 18:03:00,0.394,14.3,San Francisco
2025-01-04,54.2,45.9,52.9,42.9,2025-01-04 08:25:00,2025-01-04 18:04:00,0.008,4.8,San Francisco
2025-01-05,56.8,45.3,55.6,42.8,2025-01-05 08:25:00,2025-01-05 18:05:00,0.0,4.5,San Francisco
2025-01-06,56.8,49.1,57.5,48.2,2025-01-06 08:25:00,2025-01-06 18:06:00,0.0,4.3,San Francisco
2025-01-07,63.4,51.8,55.6,44.0,2025-01-07 08:25:00,2025-01-07 18:06:00,0.0,18.1,San Francisco
2025-01-08,62.0,49.2,58.6,43.9,2025-01-08 08:25:00,2025-01-08 18:07:00,0.0,14.3,San Francisco
2025-01-09,61.8,46.5,57.6,42.0,2025-01-09 08:25:00,2025-01-09 18:08:00,0.0,4.8,San Francisco
2025-01-10,61.8,46.6,58.1,42.5,2025-01-10 08:24:00,2025-01-10 18:09:00,0.0,10.0,San Francisco
2025-01-11,65.2,47.2,54.9,41.7,2025-01-11 08:24:00,2025-01-11 18:10:00,0.0,17.5,San Francisco
2025-01-12,63.9,50.5,55.5,42.7,2025-01-12 08:24:00,2025-01-12 18:11:00,0.0,12.8,San Francisco
2025-01-13,59.8,47.2,52.8,37.1,2025-01-13 08:24:00,2025-01-13 18:12:00,0.0,14.8,San Francisco
2025-01-14,60.5,41.3,55.0,36.9,2025-01-14 08:23:00,2025-01-14 18:13:00,0.0,5.4,San Francisco
2025-01-15,61.4,41.7,56.9,36.6,2025-01-15 08:23:00,2025-01-15 18:14:00,0.0,5.0,San Francisco
2025-01-16,62.2,40.9,57.4,36.6,2025-01-16 08:23:00,2025-01-16 18:15:00,0.0,5.4,San Francisco
2025-01-17,55.7,45.0,51.1,42.3,2025-01-17 08:22:00,2025-01-17 18:16:00,0.0,7.9,San Francisco
2025-01-18,55.6,43.9,51.7,40.5,2025-01-18 08:22:00,2025-01-18 18:18:00,0.0,5.8,San Francisco
2025-01-19,52.5,44.1,48.9,41.7,2025-01-19 08:21:00,2025-01-19 18:19:00,0.0,6.7,San Francisco
2025-01-20,62.6,42.2,53.6,37.4,2025-01-20 08:21:00,2025-01-20 18:20:00,0.0,13.0,San Francisco
2025-01-21,59.1,41.8,53.0,35.5,2025-01-21 08:20:00,2025-01-21 18:21:00,0.0,6.6,San Francisco
2025-01-22,64.2,40.5,58.1,36.8,2025-01-22 08:20:00,2025-01-22 18:22:00,0.0,5.8,San Francisco
2025-01-23,65.8,47.1,60.0,41.5,2025-01-23 08:19:00,2025-01-23 18:23:00,0.0,9.6,San Francisco
2025-01-24,60.0,41.5,54.8,37.9,2025-01-24 08:19:00,2025-01-24 18:24:00,0.0,6.2,San Francisco
2025-01-25,55.9,47.1,49.5,41.8,2025-01-25 08:18:00,2025-01-25 18:25:00,0.0,7.6,San Francisco
2025-01-26,56.7,44.2,48.3,34.6,2025-01-26 08:17:00,2025-01-26 18:26:00,0.0,14.9,San Francisco
2025-01-27,57.6,38.9,51.9,35.5,2025-01-27 08:17:00,2025-01-27 18:27:00,0.0,7.1,San Francisco
2025-01-28,54.2,42.4,49.8,39.1,2025-01-28 08:16:00,2025-01-28 18:28:00,0.0,8.0,San Francisco
2025-01-29,54.6,46.7,51.0,44.2,2025-01-29 08:15:00,2025-01-29 18:30:00,0.0,7.0,San Francisco
2025-01-30,54.5,43.6,50.6,40.6,2025-01-30 08:14:00,2025-01-30 18:31:00,0.0,6.1,San Francisco
2025-01-31,53.3,47.6,50.0,42.5,2025-01-31 08:13:00,2025-01-31 18:32:00,0.551,12.0,San Francisco
2025-02-01,57.7,53.6,54.4,50.6,2025-02-01 08:13:00,2025-02-01 18:33:00,0.563,15.8,San Francisco
2025-02-02,58.0,56.4,53.5,51.5,2025-02-02 08:12:00,2025-02-02 18:34:00,0.299,17.3,San Francisco
2025-02-03,58.5,54.2,53.2,48.8,2025-02-03 08:11:00,2025-02-03 18:35:00,0.232,16.6,San Francisco
2025-02-04,58.9,46.4,51.8,39.0,2025-02-04 08:10:00,2025-02-04 18:36:00,1.232,25.1,San Francisco
2025-02-05,53.7,43.9,51.4,39.5,2025-02-05 08:09:00,2025-02-05 18:37:00,0.0,9.0,San Francisco
2025-02-06,57.4,43.5,51.8,38.1,2025-02-06 08:08:00,2025-02-06 18:38:00,1.043,22.4,San Francisco
2025-02-07,54.5,46.9,52.1,44.1,2025-02-07 08:07:00,2025-02-07 18:40:00,0.138,12.7,San Francisco
2025-02-08,55.8,41.5,51.0,37.1,2025-02-08 08:06:00,2025-02-08 18:41:00,0.0,7.1,San Francisco
2025-02-09,54.4,40.6,49.0,36.6,2025-02-09 08:05:00,2025-02-09 18:42:00,0.0,8.5,San Francisco
2025-02-10,53.3,40.9,49.1,36.6,2025-02-10 08:04:00,2025-02-10 18:43:00,0.0,6.0,San Francisco
2025-02-11,51.4,42.1,46.5,38.0,2025-02-11 08:03:00,2025-02-11 18:44:00,0.028,10.6,San Francisco
2025-02-12,52.3,43.2,48.2,36.5,2025-02-12 08:01:00,2025-02-12 18:45:00,0.382,12.1,San Francisco
2025-02-13,56.9,49.7,49.3,43.5,2025-02-13 08:00:00,2025-02-13 18:46:00,1.37,24.5,San Francisco
2025-02-14,55.1,46.9,47.2,43.7,2025-02-14 07:59:00,2025-02-14 18:47:00,0.091,19.4,San Francisco
2025-02-15,55.8,42.0,53.9,38.9,2025-02-15 07:58:00,2025-02-15 18:48:00,0.0,5.3,San Francisco
2025-02-16,56.8,45.9,55.0,42.9,2025-02-16 07:57:00,2025-02-16 18:49:00,0.067,5.6,San Francisco
2025-02-17,57.1,46.0,53.1,44.4,2025-02-17 07:56:00,2025-02-17 18:50:00,0.008,10.4,San Francisco
2025-02-18,57.1,44.2,55.8,41.6,2025-02-18 07:54:00,2025-02-18 18:52:00,0.0,7.5,San Francisco
2025-02-19,59.1,48.8,56.1,46.8,2025-02-19 07:53:00,2025-02-19 18:53:00,0.055,11.3,San Francisco
2025-02-20,63.1,44.6,60.9,42.1,2025-02-20 07:52:00,2025-02-20 18:54:00,0.0,7.2,San Francisco
2025-02-21,63.1,44.2,60.1,41.0,2025-02-21 07:51:00,2025-02-21 18:55:00,0.0,7.5,San Francisco
2025-02-22,60.1,44.8,59.8,43.0,2025-02-22 07:49:00,2025-02-22 18:56:00,0.004,9.4,San Francisco
2025-02-23,59.8,47.6,59.5,46.2,2025-02-23 07:48:00,2025-02-23 18:57:00,0.0,5.1,San Francisco
2025-02-24,61.5,50.8,59.1,48.5,2025-02-24 07:47:00,2025-02-24 18:58:00,0.024,10.0,San Francisco
2025-02-25,60.4,48.2,59.0,45.0,2025-02-25 07:45:00,2025-02-25 18:59:00,0.0,6.6,San Francisco
2025-02-26,68.2,44.5,67.6,42.1,2025-02-26 07:44:00,2025-02-26 19:00:00,0.0,7.8,San Francisco
2025-02-27,71.0,50.7,69.7,46.9,2025-02-27 07:42:00,2025-02-27 19:01:00,0.0,10.6,San Francisco
2025-02-28,68.4,49.5,68.3,48.2,2025-02-28 07:41:00,2025-02-28 19:02:00,0.0,10.2,San Francisco
2025-03-01,55.6,51.4,52.0,45.9,2025-03-01 07:40:00,2025-03-01 19:03:00,0.024,17.7,San Francisco
2025-03-02,55.5,49.3,47.1,42.1,2025-03-02 07:38:00,2025-03-02 19:04:00,0.039,19.3,San Francisco
2025-03-03,57.6,45.3,52.3,42.0,2025-03-03 07:37:00,2025-03-03 19:05:00,0.0,16.8,San Francisco
2025-03-04,59.4,51.2,56.1,46.5,2025-03-04 07:35:00,2025-03-04 19:06:00,0.0,7.9,San Francisco
2025-03-05,55.0,48.7,52.5,43.1,2025-03-05 07:34:00,2025-03-05 19:07:00,0.142,16.3,San Francisco
2025-03-06,55.9,47.1,52.6,40.6,2025-03-06 07:33:00,2025-03-06 19:08:00,0.031,11.0,San Francisco
2025-03-07,60.3,44.2,58.3,41.0,2025-03-07 07:31:00,2025-03-07 19:09:00,0.0,9.9,San Francisco
2025-03-08,60.0,45.8,59.8,42.7,2025-03-08 07:30:00,2025-03-08 19:10:00,0.0,7.5,San Francisco
2025-03-09,58.2,44.0,55.1,41.1,2025-03-09 07:28:00,2025-03-09 19:11:00,0.0,9.8,San Francisco
2025-03-10,67.6,45.6,66.0,43.3,2025-03-10 07:27:00,2025-03-10 19:12:00,0.0,12.4,San Francisco
2025-03-11,60.8,46.8,56.7,44.5,2025-03-11 07:25:00,2025-03-11 19:13:00,0.0,10.3,San Francisco
2025-03-12,56.8,47.5,49.5,41.0,2025-03-12 07:24:00,2025-03-12 19:14:00,0.524,27.0,San Francisco
2025-03-13,51.4,44.8,43.5,38.9,2025-03-13 07:22:00,2025-03-13 19:15:00,0.488,16.0,San Francisco
2025-03-14,54.2,42.6,48.9,33.6,2025-03-14 07:21:00,2025-03-14 19:16:00,0.748,18.6,San Francisco
2025-03-15,56.8,48.5,51.8,45.4,2025-03-15 07:19:00,2025-03-15 19:17:00,0.0,11.7,San Francisco
2025-03-16,59.3,49.9,52.2,45.6,2025-03-16 07:18:00,2025-03-16 19:17:00,0.35,18.2,San Francisco
2025-03-17,54.5,49.6,49.0,41.8,2025-03-17 07:16:00,2025-03-17 19:18:00,0.358,20.1,San Francisco
2025-03-18,55.9,43.2,53.9,39.1,2025-03-18 07:15:00,2025-03-18 19:19:00,0.0,11.6,San Francisco
2025-03-19,55.0,44.8,51.4,40.9,2025-03-19 07:13:00,2025-03-19 19:20:00,0.016,8.4,San Francisco
2025-03-20,56.9,45.2,57.1,42.6,2025-03-20 07:12:00,2025-03-20 19:21:00,0.0,11.5,San Francisco
2025-03-21,60.2,45.8,58.8,42.7,2025-03-21 07:10:00,2025-03-21 19:22:00,0.0,12.4,San Francisco
2025-03-22,60.9,49.5,57.6,47.4,2025-03-22 07:08:00,2025-03-22 19:23:00,0.0,11.9,San Francisco
2025-03-23,62.8,47.6,60.8,45.7,2025-03-23 07:07:00,2025-03-23 19:24:00,0.0,9.8,San Francisco
2025-03-24,79.7,49.8,79.4,48.2,2025-03-24 07:05:00,2025-03-24 19:25:00,0.0,7.6,San Francisco
2025-03-25,81.7,54.1,86.8,54.2,2025-03-25 07:04:00,2025-03-25 19:26:00,0.0,9.2,San Francisco
2025-03-26,60.0,54.1,55.0,50.4,2025-03-26 07:02:00,2025-03-26 19:27:00,0.075,16.3,San Francisco
2025-03-27,61.4,54.3,55.8,50.6,2025-03-27 07:01:00,2025-03-27 19:28:00,0.15,15.7,San Francisco
2025-03-28,58.1,52.5,53.7,47.6,2025-03-28 06:59:00,2025-03-28 19:29:00,0.067,13.6,San Francisco
2025-03-29,57.4,46.8,54.3,44.1,2025-03-29 06:58:00,2025-03-29 19:29:00,0.004,11.0,San Francisco
2025-03-30,61.0,49.2,57.1,41.2,2025-03-30 06:56:00,2025-03-30 19:30:00,0.417,18.1,San Francisco
2025-03-31,56.9,50.5,51.1,42.9,2025-03-31 06:55:00,2025-03-31 19:31:00,0.177,18.3,San Francisco
2025-04-01,55.0,49.3,48.8,42.3,2025-04-01 06:53:00,2025-04-01 19:32:00,0.185,21.0,San Francisco
2025-04-02,58.6,44.3,56.9,40.8,2025-04-02 06:52:00,2025-04-02 19:33:00,0.028,13.9,San Francisco
2025-04-03,59.3,45.6,59.2,42.8,2025-04-03 06:50:00,2025-04-03 19:34:00,0.0,9.8,San Francisco
2025-04-04,64.5,46.5,63.6,44.5,2025-04-04 06:49:00,2025-04-04 19:35:00,0.0,11.7,San Francisco
2025-04-05,67.6,50.3,66.8,48.6,2025-04-05 06:47:00,2025-04-05 19:36:00,0.0,9.4,San Francisco
2025-04-06,63.1,49.2,60.8,46.9,2025-04-06 06:46:00,2025-04-06 19:37:00,0.0,9.9,San Francisco
2025-04-07,59.3,54.2,57.3,51.1,2025-04-07 06:44:00,2025-04-07 19:38:00,0.051,10.2,San Francisco
2025-04-08,61.3,51.9,59.4,49.9,2025-04-08 06:43:00,2025-04-08 19:39:00,0.0,12.2,San Francisco
2025-04-09,71.1,49.5,71.9,48.2,2025-04-09 06:41:00,2025-04-09 19:40:00,0.0,10.9,San Francisco
2025-04-10,67.3,52.5,65.4,50.7,2025-04-10 06:40:00,2025-04-10 19:40:00,0.0,12.2,San Francisco
2025-04-11,66.7,53.2,66.3,49.7,2025-04-11 06:39:00,2025-04-11 19:41:00,0.0,13.2,San Francisco
2025-04-12,64.6,46.9,63.8,44.3,2025-04-12 06:37:00,2025-04-12 19:42:00,0.0,10.6,San Francisco
2025-04-13,73.4,48.8,72.4,46.7,2025-04-13 06:36:00,2025-04-13 19:43:00,0.0,13.7,San Francisco
2025-04-14,66.8,49.4,65.6,47.7,2025-04-14 06:34:00,2025-04-14 19:44:00,0.0,11.3,San Francisco
2025-04-15,60.7,51.4,57.3,47.0,2025-04-15 06:33:00,2025-04-15 19:45:00,0.0,12.3,San Francisco
2025-04-16,58.8,52.2,54.2,48.9,2025-04-16 06:32:00,2025-04-16 19:46:00,0.0,13.2,San Francisco
2025-04-17,62.2,52.5,59.1,48.8,2025-04-17 06:30:00,2025-04-17 19:47:00,0.024,10.4,San Francisco
2025-04-18,62.6,51.4,62.5,48.0,2025-04-18 06:29:00,2025-04-18 19:48:00,0.0,13.2,San Francisco
2025-04-19,60.0,50.3,57.9,47.0,2025-04-19 06:28:00,2025-04-19 19:49:00,0.0,11.6,San Francisco
2025-04-20,60.4,51.9,59.9,49.3,2025-04-20 06:26:00,2025-04-20 19:50:00,0.0,10.4,San Francisco
2025-04-21,66.6,50.8,67.5,48.2,2025-04-21 06:25:00,2025-04-21 19:51:00,0.0,11.1,San Francisco
2025-04-22,62.0,51.4,61.0,48.0,2025-04-22 06:24:00,2025-04-22 19:51:00,0.0,12.9,San Francisco
2025-04-23,57.5,50.8,53.3,45.3,2025-04-23 06:22:00,2025-04-23 19:52:00,0.0,13.9,San Francisco
2025-04-24,55.0,50.8,49.1,45.0,2025-04-24 06:21:00,2025-04-24 19:53:00,0.012,13.8,San Francisco
2025-04-25,57.9,51.2,53.2,45.3,2025-04-25 06:20:00,2025-04-25 19:54:00,0.0,12.2,San Francisco
2025-04-26,57.7,47.3,54.8,45.1,2025-04-26 06:19:00,2025-04-26 19:55:00,0.079,11.8,San Francisco
2025-04-27,58.8,51.1,55.2,48.5,2025-04-27 06:17:00,2025-04-27 19:56:00,0.016,11.6,San Francisco
2025-04-28,61.5,50.5,60.9,48.4,2025-04-28 06:16:00,2025-04-28 19:57:00,0.0,12.0,San Francisco
2025-04-29,62.7,50.0,63.0,47.4,2025-04-29 06:15:00,2025-04-29 19:58:00,0.0,10.1,San Francisco
2025-04-30,66.6,51.6,67.9,48.7,2025-04-30 06:14:00,2025-04-30 19:59:00,0.0,12.9,San Francisco
2025-05-01,60.4,51.2,58.6,47.2,2025-05-01 06:13:00,2025-05-01 20:00:00,0.0,12.4,San Francisco
2025-05-02,59.5,51.4,55.6,46.6,2025-05-02 06:11:00,2025-05-02 20:01:00,0.0,16.3,San Francisco
2025-05-03,61.3,51.8,57.4,47.7,2025-05-03 06:10:00,2025-05-03 20:02:00,0.02,15.9,San Francisco
2025-05-04,68.4,49.2,64.2,46.6,2025-05-04 06:09:00,2025-05-04 20:03:00,0.0,13.1,San Francisco
2025-05-05,84.4,62.9,80.6,56.4,2025-05-05 06:08:00,2025-05-05 20:03:00,0.0,14.8,San Francisco
2025-05-06,68.5,54.0,67.8,50.0,2025-05-06 06:07:00,2025-05-06 20:04:00,0.0,14.8,San Francisco
2025-05-07,62.3,52.3,60.6,48.4,2025-05-07 06:06:00,2025-05-07 20:05:00,0.0,12.4,San Francisco
2025-05-08,68.8,51.3,68.5,48.7,2025-05-08 06:05:00,2025-05-08 20:06:00,0.0,10.4,San Francisco
2025-05-09,73.0,51.5,72.3,49.6,2025-05-09 06:04:00,2025-05-09 20:07:00,0.0,10.7,San Francisco
2025-05-10,74.3,53.3,73.0,50.9,2025-05-10 06:03:00,2025-05-10 20:08:00,0.0,12.2,San Francisco
2025-05-11,58.0,52.5,54.1,49.2,2025-05-11 06:02:00,2025-05-11 20:09:00,0.0,14.7,San Francisco
2025-05-12,60.0,53.5,56.8,48.9,2025-05-12 06:01:00,2025-05-12 20:10:00,0.138,14.6,San Francisco
2025-05-13,63.9,51.3,60.5,47.1,2025-05-13 06:00:00,2025-05-13 20:11:00,0.0,11.9,San Francisco
2025-05-14,64.0,51.3,63.1,49.5,2025-05-14 06:00:00,2025-05-14 20:11:00,0.0,11.5,San Francisco
2025-05-15,66.7,52.1,65.1,50.1,2025-05-15 05:59:00,2025-05-15 20:12:00,0.0,12.5,San Francisco
2025-05-16,67.5,52.9,65.8,50.4,2025-05-16 05:58:00,2025-05-16 20:13:00,0.0,12.2,San Francisco
2025-05-17,61.4,53.1,56.2,46.9,2025-05-17 05:57:00,2025-05-17 20:14:00,0.0,20.5,San Francisco
2025-05-18,69.4,51.4,66.8,50.4,2025-05-18 05:56:00,2025-05-18 20:15:00,0.0,13.7,San Francisco
2025-05-19,74.0,54.9,74.2,52.4,2025-05-19 05:56:00,2025-05-19 20:16:00,0.0,16.4,San Francisco
2025-05-20,69.0,52.9,68.3,50.2,2025-05-20 05:55:00,2025-05-20 20:17:00,0.0,13.6,San Francisco
2025-05-21,68.7,51.9,66.7,49.9,2025-05-21 05:54:00,2025-05-21 20:17:00,0.0,12.6,San Francisco
2025-05-22,65.1,52.2,62.2,46.8,2025-05-22 05:54:00,2025-05-22 20:18:00,0.0,14.8,San Francisco
2025-05-23,60.9,50.9,58.4,45.7,2025-05-23 05:53:00,2025-05-23 20:19:00,0.0,14.4,San Francisco
2025-05-24,62.1,51.0,60.8,46.2,2025-05-24 05:52:00,2025-05-24 20:20:00,0.0,15.8,San Francisco
2025-05-25,60.4,51.2,56.3,45.6,2025-05-25 05:52:00,2025-05-25 20:21:00,0.0,16.7,San Francisco
2025-05-26,62.6,53.2,58.4,50.4,2025-05-26 05:51:00,2025-05-26 20:21:00,0.004,14.7,San Francisco
2025-05-27,62.2,51.0,61.5,47.7,2025-05-27 05:51:00,2025-05-27 20:22:00,0.0,13.7,San Francisco
2025-05-28,61.7,52.6,58.6,47.2,2025-05-28 05:50:00,2025-05-28 20:23:00,0.0,16.5,San Francisco
2025-05-29,74.2,53.3,75.3,48.8,2025-05-29 05:50:00,2025-05-29 20:23:00,0.0,12.6,San Francisco
2025-05-30,69.8,53.9,71.2,51.8,2025-05-30 05:49:00,2025-05-30 20:24:00,0.0,11.6,San Francisco
2025-05-31,70.9,54.9,68.5,52.7,2025-05-31 05:49:00,2025-05-31 20:25:00,0.0,11.3,San Francisco
2025-06-01,60.7,54.8,58.4,50.9,2025-06-01 05:49:00,2025-06-01 20:25:00,0.0,14.3,San Francisco
2025-06-02,67.5,52.0,68.0,50.8,2025-06-02 05:48:00,2025-06-02 20:26:00,0.0,13.1,San Francisco
2025-06-03,65.4,54.6,65.5,51.3,2025-06-03 05:48:00,2025-06-03 20:27:00,0.0,11.6,San Francisco
2025-06-04,63.8,54.0,62.2,51.1,2025-06-04 05:48:00,2025-06-04 20:27:00,0.0,14.9,San Francisco
2025-06-05,64.0,55.0,61.8,51.4,2025-06-05 05:48:00,2025-06-05 20:28:00,0.0,13.2,San Francisco
2025-06-06,64.4,56.5,64.7,53.9,2025-06-06 05:47:00,2025-06-06 20:29:00,0.0,11.8,San Francisco
2025-06-07,61.0,54.1,60.1,50.2,2025-06-07 05:47:00,2025-06-07 20:29:00,0.0,14.3,San Francisco
2025-06-08,59.5,52.6,56.9,48.3,2025-06-08 05:47:00,2025-06-08 20:30:00,0.0,13.9,San Francisco
2025-06-09,59.4,51.7,56.1,47.0,2025-06-09 05:47:00,2025-06-09 20:30:00,0.0,15.5,San Francisco
2025-06-10,57.4,52.5,53.3,46.2,2025-06-10 05:47:00,2025-06-10 20:31:00,0.0,16.3,San Francisco
2025-06-11,57.8,51.2,54.0,46.1,2025-06-11 05:47:00,2025-06-11 20:31:00,0.0,15.7,San Francisco
2025-06-12,63.4,51.1,62.2,46.5,2025-06-12 05:47:00,2025-06-12 20:32:00,0.0,14.8,San Francisco
2025-06-13,61.1,52.3,58.8,47.4,2025-06-13 05:47:00,2025-06-13 20:32:00,0.0,13.7,San Francisco
2025-06-14,60.2,51.9,57.5,48.2,2025-06-14 05:47:00,2025-06-14 20:32:00,0.0,14.0,San Francisco
2025-06-15,61.3,52.5,60.9,48.8,2025-06-15 05:47:00,2025-06-15 20:33:00,0.0,13.4,San Francisco
2025-06-16,64.3,52.4,60.7,47.9,2025-06-16 05:47:00,2025-06-16 20:33:00,0.0,13.9,San Francisco
2025-06-17,69.5,53.9,67.6,50.1,2025-06-17 05:47:00,2025-06-17 20:33:00,0.0,12.8,San Francisco
2025-06-18,75.0,54.2,74.5,51.8,2025-06-18 05:47:00,2025-06-18 20:34:00,0.0,10.9,San Francisco
2025-06-19,64.1,53.9,60.8,49.2,2025-06-19 05:47:00,2025-06-19 20:34:00,0.0,17.9,San Francisco
2025-06-20,64.3,52.8,59.6,48.1,2025-06-20 05:47:00,2025-06-20 20:34:00,0.0,20.8,San Francisco
2025-06-21,68.9,54.1,66.6,50.4,2025-06-21 05:48:00,2025-06-21 20:34:00,0.0,16.9,San Francisco
2025-06-22,69.0,54.0,66.7,52.1,2025-06-22 05:48:00,2025-06-22 20:35:00,0.0,12.7,San Francisco
2025-06-23,64.9,52.3,64.5,49.8,2025-06-23 05:48:00,2025-06-23 20:35:00,0.0,12.9,San Francisco
2025-06-24,58.7,52.6,56.3,48.8,2025-06-24 05:48:00,2025-06-24 20:35:00,0.0,14.0,San Francisco
2025-06-25,60.6,51.9,58.6,48.4,2025-06-25 05:49:00,2025-06-25 20:35:00,0.0,14.1,San Francisco
2025-06-26,67.9,52.8,68.2,48.9,2025-06-26 05:49:00,2025-06-26 20:35:00,0.0,10.8,San Francisco
2025-06-27,69.4,53.7,70.5,51.8,2025-06-27 05:50:00,2025-06-27 20:35:00,0.0,10.2,San Francisco
2025-06-28,66.6,54.1,66.3,51.9,2025-06-28 05:50:00,2025-06-28 20:35:00,0.0,11.7,San Francisco
2025-06-29,62.2,51.7,60.7,49.0,2025-06-29 05:50:00,2025-06-29 20:35:00,0.0,12.1,San Francisco
2025-06-30,61.9,52.1,61.3,49.4,2025-06-30 05:51:00,2025-06-30 20:35:00,0.0,12.7,San Francisco
2025-07-01,62.8,53.1,62.2,50.6,2025-07-01 05:51:00,2025-07-01 20:35:00,0.0,13.2,San Francisco
2025-07-02,62.0,53.1,60.2,49.8,2025-07-02 05:52:00,2025-07-02 20:35:00,0.0,13.9,San Francisco
2025-07-03,61.8,54.8,58.9,50.6,2025-07-03 05:52:00,2025-07-03 20:35:00,0.0,16.9,San Francisco
2025-07-04,62.3,53.4,59.1,49.8,2025-07-04 05:53:00,2025-07-04 20:35:00,0.0,15.8,San Francisco
2025-07-05,62.0,52.7,61.4,49.4,2025-07-05 05:53:00,2025-07-05 20:34:00,0.0,13.2,San Francisco
2025-07-06,59.7,53.4,58.5,50.2,2025-07-06 05:54:00,2025-07-06 20:34:00,0.0,11.3,San Francisco
2025-07-07,63.6,53.5,61.7,50.9,2025-07-07 05:54:00,2025-07-07 20:34:00,0.0,13.0,San Francisco
2025-07-08,66.3,56.5,66.2,55.1,2025-07-08 05:55:00,2025-07-08 20:34:00,0.0,10.8,San Francisco
2025-07-09,64.0,54.6,62.1,53.3,2025-07-09 05:56:00,2025-07-09 20:33:00,0.0,12.9,San Francisco
2025-07-10,67.1,55.3,66.0,53.5,2025-07-10 05:56:00,2025-07-10 20:33:00,0.0,11.5,San Francisco
2025-07-11,65.4,55.5,65.6,53.2,2025-07-11 05:57:00,2025-07-11 20:32:00,0.0,10.9,San Francisco
2025-07-12,63.8,53.8,62.0,51.4,2025-07-12 05:58:00,2025-07-12 20:32:00,0.0,12.9,San Francisco
2025-07-13,62.9,56.1,62.5,54.2,2025-07-13 05:58:00,2025-07-13 20:32:00,0.0,12.2,San Francisco
2025-07-14,63.6,56.1,63.4,54.9,2025-07-14 05:59:00,2025-07-14 20:31:00,0.0,13.1,San Francisco
2025-07-15,62.5,55.7,59.9,52.4,2025-07-15 06:00:00,2025-07-15 20:31:00,0.0,15.4,San Francisco
2025-07-16,63.3,55.2,61.2,51.7,2025-07-16 06:00:00,2025-07-16 20:30:00,0.0,13.0,San Francisco
2025-07-17,64.1,55.9,64.5,54.0,2025-07-17 06:01:00,2025-07-17 20:29:00,0.0,11.6,San Francisco
2025-07-18,62.0,53.8,61.5,50.3,2025-07-18 06:02:00,2025-07-18 20:29:00,0.0,12.4,San Francisco
2025-07-19,59.5,52.2,57.4,48.4,2025-07-19 06:03:00,2025-07-19 20:28:00,0.0,12.8,San Francisco
2025-07-20,61.0,53.4,59.8,50.1,2025-07-20 06:04:00,2025-07-20 20:28:00,0.0,16.0,San Francisco
2025-07-21,59.9,55.2,55.6,50.9,2025-07-21 06:04:00,2025-07-21 20:27:00,0.004,15.4,San Francisco
2025-07-22,61.3,55.7,59.6,52.5,2025-07-22 06:05:00,2025-07-22 20:26:00,0.024,12.4,San Francisco
2025-07-23,64.1,56.7,63.5,54.6,2025-07-23 06:06:00,2025-07-23 20:25:00,0.004,11.3,San Francisco
2025-07-24,63.2,56.0,62.0,53.1,2025-07-24 06:07:00,2025-07-24 20:25:00,0.0,11.8,San Francisco
2025-07-25,62.0,55.8,59.5,52.8,2025-07-25 06:07:00,2025-07-25 20:24:00,0.0,14.8,San Francisco
2025-07-26,61.5,55.7,59.1,52.0,2025-07-26 06:08:00,2025-07-26 20:23:00,0.008,14.1,San Francisco
2025-07-27,62.0,55.5,59.6,52.2,2025-07-27 06:09:00,2025-07-27 20:22:00,0.0,14.8,San Francisco
2025-07-28,61.1,55.1,58.4,52.0,2025-07-28 06:10:00,2025-07-28 20:21:00,0.0,13.9,San Francisco
2025-07-29,63.5,56.0,62.0,53.2,2025-07-29 06:11:00,2025-07-29 20:21:00,0.0,15.1,San Francisco
2025-07-30,62.6,56.7,60.2,54.0,2025-07-30 06:12:00,2025-07-30 20:20:00,0.0,14.5,San Francisco
2025-07-31,66.6,57.8,66.9,56.3,2025-07-31 06:12:00,2025-07-31 20:19:00,0.0,13.0,San Francisco
2025-08-01,64.7,56.8,65.8,54.8,2025-08-01 06:13:00,2025-08-01 20:18:00,0.0,13.8,San Francisco
2025-08-02,64.6,55.2,63.2,52.8,2025-08-02 06:14:00,2025-08-02 20:17:00,0.0,13.0,San Francisco
2025-08-03,70.7,55.5,68.6,53.5,2025-08-03 06:15:00,2025-08-03 20:16:00,0.0,14.6,San Francisco
2025-08-04,70.4,55.9,68.2,52.5,2025-08-04 06:16:00,2025-08-04 20:15:00,0.0,15.6,San Francisco
2025-08-05,63.8,55.5,62.8,51.4,2025-08-05 06:17:00,2025-08-05 20:13:00,0.0,12.5,San Francisco
2025-08-06,73.0,56.5,71.5,54.7,2025-08-06 06:18:00,2025-08-06 20:12:00,0.0,10.5,San Francisco
2025-08-07,69.7,58.2,71.7,56.2,2025-08-07 06:18:00,2025-08-07 20:11:00,0.0,11.8,San Francisco
2025-08-08,71.6,56.3,73.7,55.2,2025-08-08 06:19:00,2025-08-08 20:10:00,0.0,10.7,San Francisco
2025-08-09,66.8,56.2,66.8,54.9,2025-08-09 06:20:00,2025-08-09 20:09:00,0.0,11.5,San Francisco
2025-08-10,65.4,56.6,65.3,55.6,2025-08-10 06:21:00,2025-08-10 20:08:00,0.0,11.6,San Francisco
2025-08-11,61.6,57.4,59.7,53.9,2025-08-11 06:22:00,2025-08-11 20:07:00,0.0,14.3,San Francisco
2025-08-12,63.7,56.2,62.8,53.3,2025-08-12 06:23:00,2025-08-12 20:05:00,0.0,13.6,San Francisco
2025-08-13,66.4,57.4,66.3,55.0,2025-08-13 06:24:00,2025-08-13 20:04:00,0.0,13.7,San Francisco
2025-08-14,64.5,56.2,64.9,53.7,2025-08-14 06:24:00,2025-08-14 20:03:00,0.0,13.4,San Francisco
2025-08-15,74.8,57.1,75.4,56.3,2025-08-15 06:25:00,2025-08-15 20:02:00,0.0,14.9,San Francisco
2025-08-16,66.8,58.2,65.3,55.5,2025-08-16 06:26:00,2025-08-16 20:01:00,0.0,15.7,San Francisco
2025-08-17,63.1,56.2,60.5,52.9,2025-08-17 06:27:00,2025-08-17 19:59:00,0.0,15.1,San Francisco
2025-08-18,66.1,55.4,63.5,53.7,2025-08-18 06:28:00,2025-08-18 19:58:00,0.0,12.8,San Francisco
2025-08-19,66.2,56.6,66.3,55.2,2025-08-19 06:29:00,2025-08-19 19:57:00,0.0,13.4,San Francisco
2025-08-20,77.9,57.7,75.6,57.4,2025-08-20 06:30:00,2025-08-20 19:55:00,0.0,10.2,San Francisco
2025-08-21,77.7,59.1,77.6,59.0,2025-08-21 06:30:00,2025-08-21 19:54:00,0.0,10.9,San Francisco
2025-08-22,64.5,56.9,64.7,55.6,2025-08-22 06:31:00,2025-08-22 19:52:00,0.0,11.2,San Francisco
2025-08-23,63.4,55.3,62.7,54.0,2025-08-23 06:32:00,2025-08-23 19:51:00,0.012,12.4,San Francisco
2025-08-24,63.2,57.1,62.7,56.0,2025-08-24 06:33:00,2025-08-24 19:50:00,0.0,12.0,San Francisco
2025-08-25,66.8,56.9,67.3,55.5,2025-08-25 06:34:00,2025-08-25 19:48:00,0.0,12.0,San Francisco
2025-08-26,67.5,58.6,67.9,57.4,2025-08-26 06:35:00,2025-08-26 19:47:00,0.0,10.7,San Francisco
2025-08-27,67.8,59.0,68.5,58.6,2025-08-27 06:36:00,2025-08-27 19:45:00,0.0,9.8,San Francisco
2025-08-28,68.3,58.5,68.4,58.1,2025-08-28 06:36:00,2025-08-28 19:44:00,0.0,12.7,San Francisco
2025-08-29,64.0,58.1,63.0,56.9,2025-08-29 06:37:00,2025-08-29 19:42:00,0.0,12.8,San Francisco
2025-08-30,81.6,58.5,77.7,57.8,2025-08-30 06:38:00,2025-08-30 19:41:00,0.0,9.9,San Francisco
2025-08-31,77.8,59.1,78.5,58.9,2025-08-31 06:39:00,2025-08-31 19:40:00,0.0,11.0,San Francisco
2025-09-01,77.6,59.6,76.3,59.7,2025-09-01 06:40:00,2025-09-01 19:38:00,0.0,9.5,San Francisco
2025-09-02,69.7,60.9,69.9,60.2,2025-09-02 06:41:00,2025-09-02 19:37:00,0.0,12.3,San Francisco
2025-09-03,67.9,58.1,68.9,56.5,2025-09-03 06:41:00,2025-09-03 19:35:00,0.0,10.9,San Francisco
2025-09-04,65.6,57.5,64.5,56.1,2025-09-04 06:42:00,2025-09-04 19:34:00,0.004,13.6,San Francisco
2025-09-05,66.3,58.6,64.1,56.9,2025-09-05 06:43:00,2025-09-05 19:32:00,0.0,14.4,San Francisco
2025-09-06,66.7,58.2,66.0,56.2,2025-09-06 06:44:00,2025-09-06 19:31:00,0.004,11.9,San Francisco
2025-09-07,70.1,58.9,71.8,59.4,2025-09-07 06:45:00,2025-09-07 19:29:00,0.0,11.0,San Francisco
2025-09-08,71.0,59.5,70.6,60.1,2025-09-08 06:46:00,2025-09-08 19:28:00,0.02,11.0,San Francisco
2025-09-09,70.6,62.3,71.0,64.2,2025-09-09 06:47:00,2025-09-09 19:26:00,0.012,10.9,San Francisco
2025-09-10,65.9,61.3,64.7,60.4,2025-09-10 06:47:00,2025-09-10 19:25:00,0.008,14.1,San Francisco
2025-09-11,67.9,60.1,69.0,60.2,2025-09-11 06:48:00,2025-09-11 19:23:00,0.0,10.7,San Francisco
2025-09-12,68.2,59.7,68.3,59.9,2025-09-12 06:49:00,2025-09-12 19:21:00,0.0,11.5,San Francisco
2025-09-13,66.7,59.4,64.8,58.5,2025-09-13 06:50:00,2025-09-13 19:20:00,0.0,14.3,San Francisco
2025-09-14,70.9,60.4,71.3,59.2,2025-09-14 06:51:00,2025-09-14 19:18:00,0.0,13.1,San Francisco
2025-09-15,84.5,59.3,86.4,60.9,2025-09-15 06:52:00,2025-09-15 19:17:00,0.0,12.0,San Francisco
2025-09-16,73.1,57.7,73.9,58.9,2025-09-16 06:52:00,2025-09-16 19:15:00,0.0,9.9,San Francisco
2025-09-17,71.2,55.9,70.5,55.7,2025-09-17 06:53:00,2025-09-17 19:14:00,0.0,9.9,San Francisco
2025-09-18,67.6,60.9,67.3,60.3,2025-09-18 06:54:00,2025-09-18 19:12:00,0.012,11.0,San Francisco
2025-09-19,69.0,60.9,71.3,61.1,2025-09-19 06:55:00,2025-09-19 19:10:00,0.0,9.7,San Francisco
2025-09-20,69.0,60.6,71.2,61.2,2025-09-20 06:56:00,2025-09-20 19:09:00,0.0,12.7,San Francisco
2025-09-21,67.9,59.8,68.5,59.4,2025-09-21 06:57:00,2025-09-21 19:07:00,0.0,9.1,San Francisco
2025-09-22,71.7,59.1,75.0,59.5,2025-09-22 06:58:00,2025-09-22 19:06:00,0.0,9.5,San Francisco
2025-09-23,88.6,56.6,90.3,58.0,2025-09-23 06:58:00,2025-09-23 19:04:00,0.0,11.5,San Francisco
2025-09-24,70.8,63.1,72.2,63.4,2025-09-24 06:59:00,2025-09-24 19:03:00,0.177,9.3,San Francisco
2025-09-25,66.2,60.2,67.5,57.4,2025-09-25 07:00:00,2025-09-25 19:01:00,0.0,13.7,San Francisco
2025-09-26,70.5,57.8,71.5,58.8,2025-09-26 07:01:00,2025-09-26 19:00:00,0.0,9.7,San Francisco
2025-09-27,66.4,59.2,64.0,57.9,2025-09-27 07:02:00,2025-09-27 18:58:00,0.0,14.1,San Francisco
2025-09-28,67.9,62.0,66.5,60.8,2025-09-28 07:03:00,2025-09-28 18:57:00,0.0,10.2,San Francisco
2025-09-29,70.7,62.3,68.5,63.0,2025-09-29 07:04:00,2025-09-29 18:55:00,0.004,11.7,San Francisco
2025-09-30,68.5,62.4,66.8,63.0,2025-09-30 07:04:00,2025-09-30 18:53:00,0.087,11.0,San Francisco
2025-10-01,71.3,62.3,72.7,60.5,2025-10-01 07:05:00,2025-10-01 18:52:00,0.106,9.5,San Francisco
2025-10-02,63.9,60.6,67.5,59.5,2025-10-02 07:06:00,2025-10-02 18:50:00,0.272,10.1,San Francisco
2025-10-03,67.4,58.3,69.0,55.6,2025-10-03 07:07:00,2025-10-03 18:49:00,0.02,11.0,San Francisco
2025-10-04,67.9,56.5,69.1,57.0,2025-10-04 07:08:00,2025-10-04 18:47:00,0.0,8.6,San Francisco
2025-10-05,71.7,56.2,71.2,56.9,2025-10-05 07:09:00,2025-10-05 18:46:00,0.0,10.2,San Francisco
2025-10-06,85.1,56.8,83.9,57.3,2025-10-06 07:10:00,2025-10-06 18:44:00,0.0,9.8,San Francisco
2025-10-07,78.9,59.3,80.0,59.7,2025-10-07 07:11:00,2025-10-07 18:43:00,0.0,10.5,San Francisco
2025-10-08,68.2,59.7,65.4,59.1,2025-10-08 07:12:00,2025-10-08 18:41:00,0.008,12.4,San Francisco
2025-10-09,68.3,60.7,67.2,60.9,2025-10-09 07:13:00,2025-10-09 18:40:00,0.035,8.5,San Francisco
2025-10-10,69.6,56.3,68.1,56.3,2025-10-10 07:13:00,2025-10-10 18:38:00,0.0,10.0,San Francisco
2025-10-11,66.7,56.2,64.5,56.1,2025-10-11 07:14:00,2025-10-11 18:37:00,0.0,14.5,San Francisco
2025-10-12,66.8,53.2,65.3,52.9,2025-10-12 07:15:00,2025-10-12 18:36:00,0.0,10.3,San Francisco
2025-10-13,63.1,54.1,58.8,51.8,2025-10-13 07:16:00,2025-10-13 18:34:00,0.791,15.4,San Francisco
2025-10-14,60.2,50.7,59.9,48.9,2025-10-14 07:17:00,2025-10-14 18:33:00,0.031,7.3,San Francisco
2025-10-15,63.7,55.9,63.2,54.0,2025-10-15 07:18:00,2025-10-15 18:31:00,0.035,6.5,San Francisco
2025-10-16,63.4,52.3,65.5,51.9,2025-10-16 07:19:00,2025-10-16 18:30:00,0.0,9.9,San Francisco
2025-10-17,71.1,54.1,72.5,54.1,2025-10-17 07:20:00,2025-10-17 18:29:00,0.0,6.9,San Francisco
2025-10-18,76.3,54.9,77.3,54.2,2025-10-18 07:21:00,2025-10-18 18:27:00,0.0,5.1,San Francisco
2025-10-19,67.3,56.3,67.7,56.6,2025-10-19 07:22:00,2025-10-19 18:26:00,0.0,9.7,San Francisco
2025-10-20,79.3,54.2,75.4,53.7,2025-10-20 07:23:00,2025-10-20 18:25:00,0.0,6.1,San Francisco
2025-10-21,73.2,55.0,73.3,55.2,2025-10-21 07:24:00,2025-10-21 18:23:00,0.0,10.5,San Francisco
2025-10-22,64.0,58.1,61.3,56.5,2025-10-22 07:25:00,2025-10-22 18:22:00,0.004,10.3,San Francisco
2025-10-23,62.8,55.5,61.4,55.7,2025-10-23 07:26:00,2025-10-23 18:21:00,0.0,7.1,San Francisco
2025-10-24,63.7,56.8,60.9,56.5,2025-10-24 07:27:00,2025-10-24 18:20:00,0.0,11.0,San Francisco
2025-10-25,64.6,58.5,63.7,57.7,2025-10-25 07:28:00,2025-10-25 18:18:00,0.15,12.8,San Francisco
2025-10-26,64.8,55.9,61.3,53.4,2025-10-26 07:29:00,2025-10-26 18:17:00,0.035,17.5,San Francisco
2025-10-27,66.3,54.1,64.8,54.0,2025-10-27 07:30:00,2025-10-27 18:16:00,0.0,8.2,San Francisco
2025-10-28,74.0,52.5,70.6,51.6,2025-10-28 07:31:00,2025-10-28 18:15:00,0.0,6.6,San Francisco
2025-10-29,75.2,56.5,73.7,53.9,2025-10-29 07:32:00,2025-10-29 18:13:00,0.0,8.3,San Francisco
2025-10-30,63.2,55.9,61.4,56.0,2025-10-30 07:33:00,2025-10-30 18:12:00,0.0,10.3,San Francisco
2025-10-31,64.7,54.4,64.7,54.6,2025-10-31 07:34:00,2025-10-31 18:11:00,0.0,8.7,San Francisco
2025-11-01,67.6,52.2,67.6,51.2,2025-11-01 07:35:00,2025-11-01 18:10:00,0.0,5.5,San Francisco
2025-11-02,65.4,54.1,65.9,54.5,2025-11-02 07:36:00,2025-11-02 18:09:00,0.0,6.5,San Francisco
2025-11-03,61.4,54.2,58.2,52.5,2025-11-03 07:37:00,2025-11-03 18:08:00,0.0,9.0,San Francisco
2025-11-04,67.4,54.1,66.2,53.5,2025-11-04 07:38:00,2025-11-04 18:07:00,0.0,9.4,San Francisco
2025-11-05,64.4,58.9,62.9,52.3,2025-11-05 07:39:00,2025-11-05 18:06:00,0.335,19.9,San Francisco
2025-11-06,64.6,55.3,65.8,54.7,2025-11-06 07:40:00,2025-11-06 18:05:00,0.043,7.0,San Francisco
2025-11-07,62.9,55.0,65.4,54.9,2025-11-07 07:42:00,2025-11-07 18:04:00,0.0,5.4,San Francisco
2025-11-08,69.8,54.0,70.3,54.0,2025-11-08 07:43:00,2025-11-08 18:03:00,0.0,6.9,San Francisco
2025-11-09,74.8,55.0,74.0,53.3,2025-11-09 07:44:00,2025-11-09 18:02:00,0.0,7.1,San Francisco
2025-11-10,76.6,54.1,77.3,53.9,2025-11-10 07:45:00,2025-11-10 18:02:00,0.0,5.6,San Francisco
2025-11-11,62.9,53.3,64.0,53.2,2025-11-11 07:46:00,2025-11-11 18:01:00,0.0,8.2,San Francisco
2025-11-12,67.0,56.8,66.0,55.0,2025-11-12 07:47:00,2025-11-12 18:00:00,0.039,12.7,San Francisco
2025-11-13,64.0,57.6,61.8,55.0,2025-11-13 07:48:00,2025-11-13 17:59:00,1.193,17.1,San Francisco
2025-11-14,63.2,53.3,62.9,53.1,2025-11-14 07:49:00,2025-11-14 17:58:00,0.016,7.5,San Francisco
2025-11-15,61.7,54.9,61.3,53.4,2025-11-15 07:50:00,2025-11-15 17:58:00,0.126,12.0,San Francisco
2025-11-16,61.7,56.6,57.9,53.8,2025-11-16 07:51:00,2025-11-16 17:57:00,0.189,14.9,San Francisco
2025-11-17,58.6,51.5,53.9,45.7,2025-11-17 07:52:00,2025-11-17 17:56:00,0.736,17.9,San Francisco
2025-11-18,58.6,50.8,56.9,45.7,2025-11-18 07:53:00,2025-11-18 17:56:00,0.02,11.3,San Francisco
2025-11-19,57.8,51.7,55.9,49.3,2025-11-19 07:54:00,2025-11-19 17:55:00,0.043,7.2,San Francisco
2025-11-20,58.7,52.0,56.1,49.3,2025-11-20 07:55:00,2025-11-20 17:54:00,0.717,7.0,San Francisco
2025-11-21,59.5,49.3,58.8,46.2,2025-11-21 07:56:00,2025-11-21 17:54:00,0.0,6.6,San Francisco
2025-11-22,59.1,47.2,59.2,44.1,2025-11-22 07:57:00,2025-11-22 17:53:00,0.0,5.8,San Francisco
2025-11-23,57.3,50.5,56.7,49.2,2025-11-23 07:58:00,2025-11-23 17:53:00,0.0,6.2,San Francisco
2025-11-24,59.0,50.4,58.0,47.9,2025-11-24 07:59:00,2025-11-24 17:52:00,0.0,7.8,San Francisco
2025-11-25,56.6,49.0,53.7,45.1,2025-11-25 08:00:00,2025-11-25 17:52:00,0.0,8.8,San Francisco
2025-11-26,56.1,46.1,51.9,41.7,2025-11-26 08:01:00,2025-11-26 17:52:00,0.0,9.9,San Francisco
2025-11-27,54.6,44.8,51.0,39.7,2025-11-27 08:02:00,2025-11-27 17:51:00,0.0,9.1,San Francisco
2025-11-28,53.5,44.5,50.4,39.9,2025-11-28 08:03:00,2025-11-28 17:51:00,0.0,7.4,San Francisco
2025-11-29,54.4,44.9,50.6,40.2,2025-11-29 08:04:00,2025-11-29 17:51:00,0.0,8.0,San Francisco
2025-11-30,50.0,44.1,45.8,39.8,2025-11-30 08:05:00,2025-11-30 17:51:00,0.0,7.3,San Francisco
2025-12-01,52.5,43.6,48.1,37.6,2025-12-01 08:06:00,2025-12-01 17:50:00,0.0,11.0,San Francisco
2025-12-02,58.5,45.3,56.1,41.2,2025-12-02 08:07:00,2025-12-02 17:50:00,0.0,6.2,San Francisco
2025-12-03,62.2,43.6,58.6,40.9,2025-12-03 08:08:00,2025-12-03 17:50:00,0.0,9.4,San Francisco
2025-12-04,55.0,45.0,50.0,39.2,2025-12-04 08:09:00,2025-12-04 17:50:00,0.0,8.5,San Francisco
2025-12-05,53.1,43.4,49.3,38.7,2025-12-05 08:10:00,2025-12-05 17:50:00,0.0,7.1,San Francisco
2025-12-06,52.7,43.2,49.0,37.9,2025-12-06 08:11:00,2025-12-06 17:50:00,0.0,7.3,San Francisco
2025-12-07,52.3,43.3,48.4,38.6,2025-12-07 08:12:00,2025-12-07 17:50:00,0.0,7.6,San Francisco
2025-12-08,52.4,42.7,49.1,37.9,2025-12-08 08:13:00,2025-12-08 17:50:00,0.0,9.4,San Francisco
2025-12-09,51.2,42.5,46.4,37.1,2025-12-09 08:13:00,2025-12-09 17:50:00,0.0,8.9,San Francisco
2025-12-10,54.6,43.6,50.6,38.7,2025-12-10 08:14:00,2025-12-10 17:50:00,0.0,8.8,San Francisco
2025-12-11,55.0,44.6,50.3,39.7,2025-12-11 08:15:00,2025-12-11 17:50:00,0.0,8.5,San Francisco
2025-12-12,53.2,43.3,49.0,38.0,2025-12-12 08:16:00,2025-12-12 17:51:00,0.0,8.7,San Francisco
2025-12-13,52.6,39.9,50.1,34.1,2025-12-13 08:16:00,2025-12-13 17:51:00,0.0,7.4,San Francisco
2025-12-14,52.1,41.8,49.2,36.8,2025-12-14 08:17:00,2025-12-14 17:51:00,0.0,5.9,San Francisco
2025-12-15,52.2,40.8,49.0,35.4,2025-12-15 08:18:00,2025-12-15 17:51:00,0.0,7.6,San Francisco
2025-12-16,58.2,45.5,58.4,41.6,2025-12-16 08:18:00,2025-12-16 17:52:00,0.0,6.3,San Francisco
2025-12-17,60.1,48.7,60.7,48.0,2025-12-17 08:19:00,2025-12-17 17:52:00,0.28,8.9,San Francisco
2025-12-18,55.7,47.5,55.6,45.8,2025-12-18 08:19:00,2025-12-18 17:52:00,0.0,3.8,San Francisco
2025-12-19,61.3,51.4,59.3,49.3,2025-12-19 08:20:00,2025-12-19 17:53:00,0.22,12.5,San Francisco
2025-12-20,60.6,57.2,62.6,56.9,2025-12-20 08:21:00,2025-12-20 17:53:00,0.197,10.9,San Francisco
2025-12-21,60.6,58.6,59.0,53.6,2025-12-21 08:21:00,2025-12-21 17:54:00,0.22,17.0,San Francisco
2025-12-22,59.5,57.4,60.8,54.5,2025-12-22 08:22:00,2025-12-22 17:54:00,1.142,14.8,San Francisco
2025-12-23,61.4,55.7,59.0,54.2,2025-12-23 08:22:00,2025-12-23 17:55:00,0.319,14.7,San Francisco
2025-12-24,59.9,54.7,56.6,48.2,2025-12-24 08:22:00,2025-12-24 17:56:00,0.748,22.3,San Francisco
2025-12-25,57.8,53.3,51.6,45.0,2025-12-25 08:23:00,2025-12-25 17:56:00,0.902,26.6,San Francisco
2025-12-26,57.7,50.3,50.1,46.7,2025-12-26 08:23:00,2025-12-26 17:57:00,0.217,18.1,San Francisco
2025-12-27,54.3,47.5,52.2,44.7,2025-12-27 08:24:00,2025-12-27 17:57:00,0.0,8.8,San Francisco
2025-12-28,56.1,43.4,53.2,40.4,2025-12-28 08:24:00,2025-12-28 17:58:00,0.0,6.4,San Francisco
2025-12-29,56.3,46.1,50.0,38.1,2025-12-29 08:24:00,2025-12-29 17:59:00,0.0,11.0,San Francisco
2025-12-30,50.5,41.3,45.7,34.7,2025-12-30 08:24:00,2025-12-30 18:00:00,0.0,10.2,San Francisco
2025-12-31,52.0,46.8,48.9,41.9,2025-12-31 08:25:00,2025-12-31 18:00:00,0.776,10.0,San Francisco
2025-01-01,69.1,46.4,62.5,39.0,2025-01-01 07:31:00,2025-01-01 17:30:00,0.0,5.7,Mesa
2025-01-02,71.9,47.3,65.2,39.5,2025-01-02 07:31:00,2025-01-02 17:31:00,0.0,4.9,Mesa
2025-01-03,78.2,52.6,71.5,44.5,2025-01-03 07:31:00,2025-01-03 17:32:00,0.0,5.8,Mesa
2025-01-04,67.4,48.7,60.8,41.5,2025-01-04 07:31:00,2025-01-04 17:33:00,0.0,5.8,Mesa
2025-01-05,66.7,45.0,60.0,36.7,2025-01-05 07:31:00,2025-01-05 17:33:00,0.0,5.6,Mesa
2025-01-06,67.1,46.4,59.8,38.2,2025-01-06 07:31:00,2025-01-06 17:34:00,0.0,7.5,Mesa
2025-01-07,69.2,46.1,60.4,37.1,2025-01-07 07:31:00,2025-01-07 17:35:00,0.004,16.6,Mesa
2025-01-08,65.0,51.7,56.1,43.0,2025-01-08 07:31:00,2025-01-08 17:36:00,0.004,13.8,Mesa
2025-01-09,61.3,40.5,51.2,34.9,2025-01-09 07:31:00,2025-01-09 17:37:00,0.0,14.8,Mesa
2025-01-10,59.9,43.7,53.3,34.9,2025-01-10 07:31:00,2025-01-10 17:38:00,0.0,7.5,Mesa
2025-01-11,59.3,39.5,51.1,31.4,2025-01-11 07:31:00,2025-01-11 17:38:00,0.0,5.0,Mesa
2025-01-12,60.4,40.3,53.2,31.0,2025-01-12 07:31:00,2025-01-12 17:39:00,0.0,7.1,Mesa
2025-01-13,58.8,37.2,51.5,28.6,2025-01-13 07:31:00,2025-01-13 17:40:00,0.0,5.8,Mesa
2025-01-14,63.1,39.6,54.4,30.2,2025-01-14 07:31:00,2025-01-14 17:41:00,0.0,10.0,Mesa
2025-01-15,69.8,43.3,60.3,32.8,2025-01-15 07:30:00,2025-01-15 17:42:00,0.0,10.8,Mesa
2025-01-16,73.4,51.4,66.8,41.7,2025-01-16 07:30:00,2025-01-16 17:43:00,0.0,9.4,Mesa
2025-01-17,61.8,49.0,56.8,41.6,2025-01-17 07:30:00,2025-01-17 17:44:00,0.0,4.7,Mesa
2025-01-18,62.2,41.8,55.3,35.0,2025-01-18 07:30:00,2025-01-18 17:45:00,0.0,4.5,Mesa
2025-01-19,62.7,42.0,55.8,32.9,2025-01-19 07:29:00,2025-01-19 17:46:00,0.0,7.1,Mesa
2025-01-20,63.4,38.1,55.3,30.0,2025-01-20 07:29:00,2025-01-20 17:47:00,0.0,16.9,Mesa
2025-01-21,57.4,38.2,49.2,28.2,2025-01-21 07:28:00,2025-01-21 17:48:00,0.0,13.9,Mesa
2025-01-22,61.9,37.2,53.6,28.7,2025-01-22 07:28:00,2025-01-22 17:49:00,0.0,8.9,Mesa
2025-01-23,58.9,43.8,49.7,33.1,2025-01-23 07:28:00,2025-01-23 17:50:00,0.0,16.1,Mesa
2025-01-24,68.5,41.6,60.5,31.1,2025-01-24 07:27:00,2025-01-24 17:51:00,0.0,9.8,Mesa
2025-01-25,68.4,47.9,60.8,38.9,2025-01-25 07:27:00,2025-01-25 17:52:00,0.0,6.6,Mesa
2025-01-26,67.9,48.9,59.8,40.7,2025-01-26 07:26:00,2025-01-26 17:53:00,0.0,6.9,Mesa
2025-01-27,58.9,45.6,54.9,39.8,2025-01-27 07:25:00,2025-01-27 17:54:00,0.012,6.6,Mesa
2025-01-28,58.0,48.4,51.7,44.1,2025-01-28 07:25:00,2025-01-28 17:55:00,0.008,5.8,Mesa
2025-01-29,54.1,42.5,49.4,36.4,2025-01-29 07:24:00,2025-01-29 17:55:00,0.059,6.6,Mesa
2025-01-30,59.3,40.2,53.8,34.5,2025-01-30 07:24:00,2025-01-30 17:56:00,0.0,5.5,Mesa
2025-01-31,65.2,42.3,60.1,36.4,2025-01-31 07:23:00,2025-01-31 17:57:00,0.0,5.9,Mesa
2025-02-01,71.4,45.3,64.7,38.5,2025-02-01 07:22:00,2025-02-01 17:58:00,0.0,5.4,Mesa
2025-02-02,76.9,51.3,71.6,44.6,2025-02-02 07:21:00,2025-02-02 17:59:00,0.0,6.4,Mesa
2025-02-03,82.6,53.8,77.7,47.9,2025-02-03 07:21:00,2025-02-03 18:00:00,0.0,6.5,Mesa
2025-02-04,82.6,57.9,77.1,51.1,2025-02-04 07:20:00,2025-02-04 18:01:00,0.0,6.7,Mesa
2025-02-05,76.7,55.9,71.4,49.4,2025-02-05 07:19:00,2025-02-05 18:02:00,0.0,5.6,Mesa
2025-02-06,77.4,51.3,70.7,43.8,2025-02-06 07:18:00,2025-02-06 18:03:00,0.0,5.9,Mesa
2025-02-07,74.2,50.5,69.6,43.9,2025-02-07 07:17:00,2025-02-07 18:04:00,0.0,4.0,Mesa
2025-02-08,75.7,53.6,72.3,48.5,2025-02-08 07:17:00,2025-02-08 18:05:00,0.0,4.3,Mesa
2025-02-09,74.9,54.0,69.7,48.9,2025-02-09 07:16:00,2025-02-09 18:06:00,0.0,4.4,Mesa
2025-02-10,75.7,51.9,69.3,46.2,2025-02-10 07:15:00,2025-02-10 18:07:00,0.0,4.4,Mesa
2025-02-11,67.6,53.5,60.1,46.6,2025-02-11 07:14:00,2025-02-11 18:08:00,0.0,11.2,Mesa
2025-02-12,60.4,49.7,54.2,43.7,2025-02-12 07:13:00,2025-02-12 18:09:00,0.0,5.8,Mesa
2025-02-13,69.6,47.3,64.3,40.3,2025-02-13 07:12:00,2025-02-13 18:10:00,0.004,6.4,Mesa
2025-02-14,70.1,57.8,62.7,53.6,2025-02-14 07:11:00,2025-02-14 18:11:00,0.0,12.5,Mesa
2025-02-15,68.1,49.5,61.9,44.6,2025-02-15 07:10:00,2025-02-15 18:12:00,0.0,5.7,Mesa
2025-02-16,72.9,50.2,66.6,43.1,2025-02-16 07:09:00,2025-02-16 18:12:00,0.0,7.9,Mesa
2025-02-17,74.3,51.9,67.3,44.9,2025-02-17 07:08:00,2025-02-17 18:13:00,0.0,5.0,Mesa
2025-02-18,74.0,52.7,68.3,46.2,2025-02-18 07:07:00,2025-02-18 18:14:00,0.0,5.2,Mesa
2025-02-19,76.7,51.9,71.6,44.7,2025-02-19 07:06:00,2025-02-19 18:15:00,0.0,5.9,Mesa
2025-02-20,76.2,52.8,68.4,46.0,2025-02-20 07:05:00,2025-02-20 18:16:00,0.0,6.4,Mesa
2025-02-21,75.3,50.5,70.5,42.6,2025-02-21 07:04:00,2025-02-21 18:17:00,0.0,7.4,Mesa
2025-02-22,75.3,52.2,68.7,44.4,2025-02-22 07:02:00,2025-02-22 18:18:00,0.0,6.9,Mesa
2025-02-23,78.4,50.1,72.1,42.4,2025-02-23 07:01:00,2025-02-23 18:19:00,0.0,6.2,Mesa
2025-02-24,81.7,51.6,74.3,43.9,2025-02-24 07:00:00,2025-02-24 18:19:00,0.0,5.4,Mesa
2025-02-25,83.8,56.6,77.2,48.7,2025-02-25 06:59:00,2025-02-25 18:20:00,0.0,5.6,Mesa
2025-02-26,85.1,60.1,80.4,52.6,2025-02-26 06:58:00,2025-02-26 18:21:00,0.0,10.6,Mesa
2025-02-27,82.0,61.6,73.1,51.8,2025-02-27 06:57:00,2025-02-27 18:22:00,0.0,12.7,Mesa
2025-02-28,78.6,55.9,72.9,49.0,2025-02-28 06:55:00,2025-02-28 18:23:00,0.0,6.4,Mesa
2025-03-01,78.5,56.2,70.6,48.0,2025-03-01 06:54:00,2025-03-01 18:24:00,0.0,15.1,Mesa
2025-03-02,76.6,54.1,70.4,48.9,2025-03-02 06:53:00,2025-03-02 18:24:00,0.0,7.0,Mesa
2025-03-03,65.8,50.8,58.5,44.3,2025-03-03 06:52:00,2025-03-03 18:25:00,0.004,12.1,Mesa
2025-03-04,69.4,46.9,63.7,41.1,2025-03-04 06:50:00,2025-03-04 18:26:00,0.0,7.9,Mesa
2025-03-05,75.7,50.1,70.5,43.3,2025-03-05 06:49:00,2025-03-05 18:27:00,0.0,5.6,Mesa
2025-03-06,67.6,56.3,60.1,51.8,2025-03-06 06:48:00,2025-03-06 18:28:00,0.031,12.5,Mesa
2025-03-07,60.2,45.2,53.9,40.8,2025-03-07 06:47:00,2025-03-07 18:28:00,0.504,9.0,Mesa
2025-03-08,63.1,43.5,59.8,38.0,2025-03-08 06:45:00,2025-03-08 18:29:00,0.043,8.1,Mesa
2025-03-09,71.9,47.0,69.0,40.4,2025-03-09 06:44:00,2025-03-09 18:30:00,0.0,8.5,Mesa
2025-03-10,81.3,51.8,75.6,45.2,2025-03-10 06:43:00,2025-03-10 18:31:00,0.0,8.6,Mesa
2025-03-11,75.7,56.9,69.1,50.6,2025-03-11 06:42:00,2025-03-11 18:32:00,0.528,12.5,Mesa
2025-03-12,68.7,53.2,67.7,51.7,2025-03-12 06:40:00,2025-03-12 18:32:00,0.323,6.4,Mesa
2025-03-13,67.8,49.0,60.1,41.6,2025-03-13 06:39:00,2025-03-13 18:33:00,0.512,15.4,Mesa
2025-03-14,54.8,43.0,49.9,38.2,2025-03-14 06:38:00,2025-03-14 18:34:00,0.055,8.7,Mesa
2025-03-15,62.8,43.9,58.7,40.1,2025-03-15 06:36:00,2025-03-15 18:35:00,0.079,7.6,Mesa
2025-03-16,68.6,46.0,68.4,41.1,2025-03-16 06:35:00,2025-03-16 18:35:00,0.0,5.2,Mesa
2025-03-17,75.8,51.4,74.5,47.3,2025-03-17 06:34:00,2025-03-17 18:36:00,0.0,5.4,Mesa
2025-03-18,68.8,55.3,60.9,48.1,2025-03-18 06:32:00,2025-03-18 18:37:00,0.0,10.8,Mesa
2025-03-19,70.4,51.8,65.9,43.1,2025-03-19 06:31:00,2025-03-19 18:38:00,0.0,8.0,Mesa
2025-03-20,78.4,49.2,73.9,40.3,2025-03-20 06:29:00,2025-03-20 18:38:00,0.0,9.0,Mesa
2025-03-21,80.8,52.2,75.5,44.7,2025-03-21 06:28:00,2025-03-21 18:39:00,0.0,6.2,Mesa
2025-03-22,83.4,57.8,78.1,50.3,2025-03-22 06:27:00,2025-03-22 18:40:00,0.0,5.1,Mesa
2025-03-23,85.6,61.1,82.5,54.6,2025-03-23 06:25:00,2025-03-23 18:41:00,0.0,5.6,Mesa
2025-03-24,91.1,64.5,88.0,58.2,2025-03-24 06:24:00,2025-03-24 18:41:00,0.0,7.1,Mesa
2025-03-25,96.4,67.7,92.4,59.9,2025-03-25 06:23:00,2025-03-25 18:42:00,0.0,8.0,Mesa
2025-03-26,89.8,70.7,84.2,63.3,2025-03-26 06:21:00,2025-03-26 18:43:00,0.0,7.7,Mesa
2025-03-27,90.3,66.6,85.7,60.8,2025-03-27 06:20:00,2025-03-27 18:44:00,0.0,7.5,Mesa
2025-03-28,80.7,65.3,74.1,59.3,2025-03-28 06:19:00,2025-03-28 18:44:00,0.008,8.8,Mesa
2025-03-29,79.3,63.1,72.9,57.0,2025-03-29 06:18:00,2025-03-29 18:45:00,0.0,9.7,Mesa
2025-03-30,80.9,58.8,74.4,52.9,2025-03-30 06:16:00,2025-03-30 18:46:00,0.0,8.0,Mesa
2025-03-31,81.0,60.8,76.8,57.4,2025-03-31 06:15:00,2025-03-31 18:47:00,0.0,9.8,Mesa
2025-04-01,73.7,62.4,67.2,54.1,2025-04-01 06:14:00,2025-04-01 18:47:00,0.0,14.3,Mesa
2025-04-02,64.2,52.9,57.1,47.4,2025-04-02 06:12:00,2025-04-02 18:48:00,0.012,14.7,Mesa
2025-04-03,67.6,47.3,62.7,41.5,2025-04-03 06:11:00,2025-04-03 18:49:00,0.0,8.3,Mesa
2025-04-04,70.3,53.2,66.6,48.1,2025-04-04 06:10:00,2025-04-04 18:49:00,0.0,9.3,Mesa
2025-04-05,76.5,52.0,70.6,47.0,2025-04-05 06:08:00,2025-04-05 18:50:00,0.0,9.3,Mesa
2025-04-06,77.5,55.9,74.3,49.3,2025-04-06 06:07:00,2025-04-06 18:51:00,0.0,8.2,Mesa
2025-04-07,84.7,57.4,81.0,50.2,2025-04-07 06:06:00,2025-04-07 18:52:00,0.0,5.8,Mesa
2025-04-08,90.1,60.4,85.5,52.8,2025-04-08 06:04:00,2025-04-08 18:52:00,0.0,5.3,Mesa
2025-04-09,94.0,63.5,89.4,55.6,2025-04-09 06:03:00,2025-04-09 18:53:00,0.0,5.4,Mesa
2025-04-10,96.8,65.7,92.0,58.0,2025-04-10 06:02:00,2025-04-10 18:54:00,0.0,5.7,Mesa
2025-04-11,98.5,68.5,94.5,60.5,2025-04-11 06:00:00,2025-04-11 18:55:00,0.0,6.0,Mesa
2025-04-12,97.8,70.1,93.2,62.2,2025-04-12 05:59:00,2025-04-12 18:55:00,0.0,6.9,Mesa
2025-04-13,92.2,72.1,87.1,64.1,2025-04-13 05:58:00,2025-04-13 18:56:00,0.0,6.5,Mesa
2025-04-14,92.3,70.7,86.7,62.5,2025-04-14 05:57:00,2025-04-14 18:57:00,0.0,6.2,Mesa
2025-04-15,91.9,69.0,89.9,61.9,2025-04-15 05:56:00,2025-04-15 18:58:00,0.004,8.5,Mesa
2025-04-16,91.6,67.7,87.1,61.6,2025-04-16 05:54:00,2025-04-16 18:58:00,0.0,10.6,Mesa
2025-04-17,79.0,62.5,75.1,58.3,2025-04-17 05:53:00,2025-04-17 18:59:00,0.0,8.1,Mesa
2025-04-18,75.0,54.5,69.4,48.9,2025-04-18 05:52:00,2025-04-18 19:00:00,0.075,11.6,Mesa
2025-04-19,72.9,53.1,68.1,50.3,2025-04-19 05:51:00,2025-04-19 19:01:00,0.0,4.8,Mesa
2025-04-20,82.1,55.6,79.4,50.4,2025-04-20 05:50:00,2025-04-20 19:01:00,0.0,6.5,Mesa
2025-04-21,89.0,62.0,84.1,56.9,2025-04-21 05:49:00,2025-04-21 19:02:00,0.0,6.3,Mesa
2025-04-22,89.4,65.1,86.2,59.0,2025-04-22 05:47:00,2025-04-22 19:03:00,0.0,7.6,Mesa
2025-04-23,88.8,67.3,83.9,60.9,2025-04-23 05:46:00,2025-04-23 19:04:00,0.0,8.0,Mesa
2025-04-24,88.3,65.1,83.8,58.2,2025-04-24 05:45:00,2025-04-24 19:04:00,0.0,4.8,Mesa
2025-04-25,91.0,67.3,85.9,60.7,2025-04-25 05:44:00,2025-04-25 19:05:00,0.0,9.0,Mesa
2025-04-26,82.8,67.0,79.0,60.0,2025-04-26 05:43:00,2025-04-26 19:06:00,0.0,8.8,Mesa
2025-04-27,76.1,59.1,70.5,54.0,2025-04-27 05:42:00,2025-04-27 19:07:00,0.0,10.1,Mesa
2025-04-28,79.1,58.0,75.5,51.5,2025-04-28 05:41:00,2025-04-28 19:07:00,0.0,6.1,Mesa
2025-04-29,84.3,60.6,79.8,55.1,2025-04-29 05:40:00,2025-04-29 19:08:00,0.0,10.6,Mesa
2025-04-30,88.2,63.2,84.6,57.3,2025-04-30 05:39:00,2025-04-30 19:09:00,0.0,6.9,Mesa
2025-05-01,89.7,68.2,87.4,64.0,2025-05-01 05:38:00,2025-05-01 19:10:00,0.0,6.1,Mesa
2025-05-02,90.9,69.3,86.9,63.8,2025-05-02 05:37:00,2025-05-02 19:10:00,0.0,8.0,Mesa
2025-05-03,92.1,70.2,88.2,63.7,2025-05-03 05:36:00,2025-05-03 19:11:00,0.0,10.5,Mesa
2025-05-04,77.6,66.9,73.3,63.4,2025-05-04 05:35:00,2025-05-04 19:12:00,0.083,13.2,Mesa
2025-05-05,72.3,58.0,69.3,55.0,2025-05-05 05:34:00,2025-05-05 19:13:00,0.016,7.2,Mesa
2025-05-06,74.2,59.0,73.3,57.9,2025-05-06 05:33:00,2025-05-06 19:13:00,0.024,6.2,Mesa
2025-05-07,81.4,61.2,81.4,59.4,2025-05-07 05:32:00,2025-05-07 19:14:00,0.0,6.2,Mesa
2025-05-08,92.6,64.9,90.4,61.5,2025-05-08 05:31:00,2025-05-08 19:15:00,0.0,6.5,Mesa
2025-05-09,100.8,73.1,96.5,67.3,2025-05-09 05:31:00,2025-05-09 19:16:00,0.0,9.3,Mesa
2025-05-10,99.1,80.4,94.4,73.3,2025-05-10 05:30:00,2025-05-10 19:16:00,0.0,11.8,Mesa
2025-05-11,101.6,78.4,99.3,70.8,2025-05-11 05:29:00,2025-05-11 19:17:00,0.0,9.7,Mesa
2025-05-12,98.3,81.4,93.1,75.2,2025-05-12 05:28:00,2025-05-12 19:18:00,0.0,11.2,Mesa
2025-05-13,87.2,74.5,81.1,66.0,2025-05-13 05:27:00,2025-05-13 19:19:00,0.0,11.1,Mesa
2025-05-14,82.0,64.8,77.3,58.4,2025-05-14 05:27:00,2025-05-14 19:19:00,0.0,8.3,Mesa
2025-05-15,87.7,64.6,83.8,58.0,2025-05-15 05:26:00,2025-05-15 19:20:00,0.0,6.7,Mesa
2025-05-16,92.0,65.6,88.3,58.6,2025-05-16 05:25:00,2025-05-16 19:21:00,0.0,6.4,Mesa
2025-05-17,92.2,70.3,86.2,64.7,2025-05-17 05:25:00,2025-05-17 19:22:00,0.0,10.9,Mesa
2025-05-18,85.0,66.1,80.1,61.5,2025-05-18 05:24:00,2025-05-18 19:22:00,0.0,8.6,Mesa
2025-05-19,91.9,68.8,86.3,64.4,2025-05-19 05:23:00,2025-05-19 19:23:00,0.0,11.7,Mesa
2025-05-20,96.0,70.3,93.4,62.6,2025-05-20 05:23:00,2025-05-20 19:24:00,0.0,7.8,Mesa
2025-05-21,100.9,72.7,97.1,65.6,2025-05-21 05:22:00,2025-05-21 19:25:00,0.0,5.6,Mesa
2025-05-22,102.3,73.6,98.2,66.3,2025-05-22 05:22:00,2025-05-22 19:25:00,0.0,8.2,Mesa
2025-05-23,100.4,76.2,95.7,68.5,2025-05-23 05:21:00,2025-05-23 19:26:00,0.0,8.5,Mesa
2025-05-24,96.8,75.8,92.0,68.9,2025-05-24 05:21:00,2025-05-24 19:27:00,0.0,6.9,Mesa
2025-05-25,95.6,73.3,90.7,67.3,2025-05-25 05:20:00,2025-05-25 19:27:00,0.0,6.9,Mesa
2025-05-26,97.8,73.6,93.8,67.6,2025-05-26 05:20:00,2025-05-26 19:28:00,0.0,8.7,Mesa
2025-05-27,99.0,75.1,95.1,68.7,2025-05-27 05:19:00,2025-05-27 19:28:00,0.0,8.0,Mesa
2025-05-28,100.3,74.7,96.7,68.1,2025-05-28 05:19:00,2025-05-28 19:29:00,0.0,9.1,Mesa
2025-05-29,99.1,78.3,95.7,72.5,2025-05-29 05:19:00,2025-05-29 19:30:00,0.0,10.6,Mesa
2025-05-30,102.7,73.8,98.3,68.4,2025-05-30 05:18:00,2025-05-30 19:30:00,0.0,8.5,Mesa
2025-05-31,98.2,79.1,93.2,74.0,2025-05-31 05:18:00,2025-05-31 19:31:00,0.0,9.5,Mesa
2025-06-01,89.0,70.3,84.9,75.8,2025-06-01 05:18:00,2025-06-01 19:31:00,0.52,9.6,Mesa
2025-06-02,87.4,66.2,89.6,67.8,2025-06-02 05:18:00,2025-06-02 19:32:00,0.035,7.6,Mesa
2025-06-03,94.6,71.1,97.0,73.5,2025-06-03 05:17:00,2025-06-03 19:33:00,0.004,9.4,Mesa
2025-06-04,93.1,69.5,94.1,71.6,2025-06-04 05:17:00,2025-06-04 19:33:00,0.213,8.5,Mesa
2025-06-05,99.2,77.9,98.2,76.0,2025-06-05 05:17:00,2025-06-05 19:34:00,0.0,7.0,Mesa
2025-06-06,100.8,79.3,99.7,77.0,2025-06-06 05:17:00,2025-06-06 19:34:00,0.0,7.4,Mesa
2025-06-07,103.6,80.1,100.6,76.3,2025-06-07 05:17:00,2025-06-07 19:35:00,0.0,8.3,Mesa
2025-06-08,105.3,80.9,101.0,75.7,2025-06-08 05:17:00,2025-06-08 19:35:00,0.0,7.3,Mesa
2025-06-09,107.4,81.4,103.2,74.9,2025-06-09 05:17:00,2025-06-09 19:36:00,0.0,9.3,Mesa
2025-06-10,105.7,82.6,101.7,77.6,2025-06-10 05:16:00,2025-06-10 19:36:00,0.0,8.5,Mesa
2025-06-11,106.3,83.8,103.6,80.2,2025-06-11 05:16:00,2025-06-11 19:37:00,0.0,9.2,Mesa
2025-06-12,106.9,84.7,104.0,80.3,2025-06-12 05:16:00,2025-06-12 19:37:00,0.0,10.7,Mesa
2025-06-13,105.5,83.6,102.2,80.2,2025-06-13 05:16:00,2025-06-13 19:37:00,0.0,7.3,Mesa
2025-06-14,108.2,81.8,105.6,76.9,2025-06-14 05:17:00,2025-06-14 19:38:00,0.0,7.2,Mesa
2025-06-15,112.6,82.0,107.5,75.5,2025-06-15 05:17:00,2025-06-15 19:38:00,0.0,6.5,Mesa
2025-06-16,111.6,85.3,106.7,79.7,2025-06-16 05:17:00,2025-06-16 19:38:00,0.0,8.2,Mesa
2025-06-17,109.0,85.4,105.9,81.2,2025-06-17 05:17:00,2025-06-17 19:39:00,0.0,9.2,Mesa
2025-06-18,110.0,83.8,107.0,80.6,2025-06-18 05:17:00,2025-06-18 19:39:00,0.0,6.9,Mesa
2025-06-19,114.2,85.6,109.3,81.1,2025-06-19 05:17:00,2025-06-19 19:39:00,0.0,9.4,Mesa
2025-06-20,107.1,85.9,102.9,80.1,2025-06-20 05:17:00,2025-06-20 19:39:00,0.0,9.2,Mesa
2025-06-21,104.1,81.8,99.5,76.5,2025-06-21 05:18:00,2025-06-21 19:40:00,0.0,10.8,Mesa
2025-06-22,98.2,79.2,96.2,72.6,2025-06-22 05:18:00,2025-06-22 19:40:00,0.0,9.6,Mesa
2025-06-23,100.9,79.0,97.9,73.2,2025-06-23 05:18:00,2025-06-23 19:40:00,0.0,9.9,Mesa
2025-06-24,102.4,79.9,99.1,74.7,2025-06-24 05:18:00,2025-06-24 19:40:00,0.0,8.5,Mesa
2025-06-25,101.6,80.0,96.5,73.8,2025-06-25 05:19:00,2025-06-25 19:40:00,0.0,6.8,Mesa
2025-06-26,104.4,81.4,100.9,77.6,2025-06-26 05:19:00,2025-06-26 19:40:00,0.0,7.9,Mesa
2025-06-27,105.7,83.8,104.3,79.6,2025-06-27 05:19:00,2025-06-27 19:40:00,0.0,8.9,Mesa
2025-06-28,106.9,86.5,105.2,85.0,2025-06-28 05:20:00,2025-06-28 19:41:00,0.0,8.4,Mesa
2025-06-29,111.6,85.3,108.3,81.7,2025-06-29 05:20:00,2025-06-29 19:41:00,0.0,9.7,Mesa
2025-06-30,112.8,88.6,110.8,84.5,2025-06-30 05:21:00,2025-06-30 19:41:00,0.0,8.0,Mesa
2025-07-01,109.4,90.8,110.3,87.8,2025-07-01 05:21:00,2025-07-01 19:40:00,0.0,12.5,Mesa
2025-07-02,104.1,90.2,106.3,88.4,2025-07-02 05:21:00,2025-07-02 19:40:00,0.031,16.9,Mesa
2025-07-03,95.0,78.5,99.9,82.8,2025-07-03 05:22:00,2025-07-03 19:40:00,0.193,7.8,Mesa
2025-07-04,99.5,81.4,100.9,84.2,2025-07-04 05:22:00,2025-07-04 19:40:00,0.0,7.9,Mesa
2025-07-05,105.1,85.3,105.3,86.3,2025-07-05 05:23:00,2025-07-05 19:40:00,0.0,7.2,Mesa
2025-07-06,109.6,84.9,108.5,83.6,2025-07-06 05:23:00,2025-07-06 19:40:00,0.0,6.9,Mesa
2025-07-07,109.3,90.1,109.1,89.6,2025-07-07 05:24:00,2025-07-07 19:40:00,0.0,9.8,Mesa
2025-07-08,109.5,91.0,111.4,91.3,2025-07-08 05:24:00,2025-07-08 19:39:00,0.0,7.8,Mesa
2025-07-09,115.6,90.6,114.3,88.4,2025-07-09 05:25:00,2025-07-09 19:39:00,0.0,9.0,Mesa
2025-07-10,111.8,93.8,110.4,91.0,2025-07-10 05:25:00,2025-07-10 19:39:00,0.0,11.4,Mesa
2025-07-11,108.1,87.8,109.5,90.8,2025-07-11 05:26:00,2025-07-11 19:39:00,0.0,9.5,Mesa
2025-07-12,107.1,87.5,107.1,88.0,2025-07-12 05:27:00,2025-07-12 19:38:00,0.0,7.2,Mesa
2025-07-13,107.4,87.5,109.0,85.6,2025-07-13 05:27:00,2025-07-13 19:38:00,0.0,7.8,Mesa
2025-07-14,107.4,88.3,107.1,86.1,2025-07-14 05:28:00,2025-07-14 19:38:00,0.0,8.2,Mesa
2025-07-15,105.7,87.2,110.3,85.6,2025-07-15 05:28:00,2025-07-15 19:37:00,0.047,13.8,Mesa
2025-07-16,95.5,78.4,98.4,82.5,2025-07-16 05:29:00,2025-07-16 19:37:00,0.0,7.0,Mesa
2025-07-17,95.0,76.9,99.7,84.8,2025-07-17 05:30:00,2025-07-17 19:36:00,0.075,6.2,Mesa
2025-07-18,104.6,85.8,105.8,88.5,2025-07-18 05:30:00,2025-07-18 19:36:00,0.0,8.4,Mesa
2025-07-19,104.7,87.6,105.2,86.7,2025-07-19 05:31:00,2025-07-19 19:35:00,0.0,9.3,Mesa
2025-07-20,95.5,88.2,92.1,86.1,2025-07-20 05:32:00,2025-07-20 19:35:00,0.0,9.1,Mesa
2025-07-21,103.7,83.0,103.1,83.6,2025-07-21 05:32:00,2025-07-21 19:34:00,0.0,10.4,Mesa
2025-07-22,97.4,76.6,102.4,80.7,2025-07-22 05:33:00,2025-07-22 19:34:00,0.008,9.7,Mesa
2025-07-23,102.6,82.7,100.2,85.4,2025-07-23 05:34:00,2025-07-23 19:33:00,0.0,7.5,Mesa
2025-07-24,104.2,77.2,101.1,72.9,2025-07-24 05:34:00,2025-07-24 19:32:00,0.0,6.7,Mesa
2025-07-25,105.4,78.1,102.8,73.0,2025-07-25 05:35:00,2025-07-25 19:32:00,0.0,8.1,Mesa
2025-07-26,105.4,81.8,102.7,75.6,2025-07-26 05:36:00,2025-07-26 19:31:00,0.0,6.3,Mesa
2025-07-27,107.8,81.0,106.1,76.3,2025-07-27 05:36:00,2025-07-27 19:30:00,0.0,5.9,Mesa
2025-07-28,110.1,84.2,108.0,80.2,2025-07-28 05:37:00,2025-07-28 19:29:00,0.0,8.9,Mesa
2025-07-29,108.1,88.4,106.9,83.8,2025-07-29 05:38:00,2025-07-29 19:29:00,0.0,7.3,Mesa
2025-07-30,108.3,88.1,108.0,86.7,2025-07-30 05:38:00,2025-07-30 19:28:00,0.0,7.0,Mesa
2025-07-31,108.1,87.7,108.3,88.0,2025-07-31 05:39:00,2025-07-31 19:27:00,0.0,7.9,Mesa
2025-08-01,109.0,91.9,110.5,88.4,2025-08-01 05:40:00,2025-08-01 19:26:00,0.0,11.0,Mesa
2025-08-02,112.6,91.6,110.4,88.9,2025-08-02 05:40:00,2025-08-02 19:25:00,0.0,9.1,Mesa
2025-08-03,110.2,85.5,106.9,81.1,2025-08-03 05:41:00,2025-08-03 19:25:00,0.0,5.4,Mesa
2025-08-04,110.1,86.7,107.7,84.7,2025-08-04 05:42:00,2025-08-04 19:24:00,0.0,6.2,Mesa
2025-08-05,112.6,90.9,111.2,89.2,2025-08-05 05:43:00,2025-08-05 19:23:00,0.0,6.9,Mesa
2025-08-06,114.1,92.8,112.5,90.7,2025-08-06 05:43:00,2025-08-06 19:22:00,0.0,9.5,Mesa
2025-08-07,115.7,91.4,114.7,88.1,2025-08-07 05:44:00,2025-08-07 19:21:00,0.0,7.6,Mesa
2025-08-08,111.0,92.8,110.8,89.3,2025-08-08 05:45:00,2025-08-08 19:20:00,0.0,9.1,Mesa
2025-08-09,107.7,90.4,109.9,92.9,2025-08-09 05:45:00,2025-08-09 19:19:00,0.0,9.1,Mesa
2025-08-10,106.7,89.2,107.7,89.8,2025-08-10 05:46:00,2025-08-10 19:18:00,0.0,7.8,Mesa
2025-08-11,108.4,91.1,108.8,90.3,2025-08-11 05:47:00,2025-08-11 19:17:00,0.0,9.7,Mesa
2025-08-12,108.1,89.7,111.1,89.1,2025-08-12 05:48:00,2025-08-12 19:16:00,0.0,7.1,Mesa
2025-08-13,107.3,89.4,108.0,87.5,2025-08-13 05:48:00,2025-08-13 19:15:00,0.0,8.4,Mesa
2025-08-14,104.5,87.2,107.3,86.8,2025-08-14 05:49:00,2025-08-14 19:14:00,0.0,6.5,Mesa
2025-08-15,101.8,78.8,104.0,81.0,2025-08-15 05:50:00,2025-08-15 19:13:00,0.0,6.9,Mesa
2025-08-16,101.8,83.7,103.5,86.0,2025-08-16 05:50:00,2025-08-16 19:11:00,0.0,8.4,Mesa
2025-08-17,103.6,85.0,102.2,83.5,2025-08-17 05:51:00,2025-08-17 19:10:00,0.0,6.7,Mesa
2025-08-18,106.0,85.9,104.3,82.5,2025-08-18 05:52:00,2025-08-18 19:09:00,0.0,8.0,Mesa
2025-08-19,106.1,87.5,103.8,85.4,2025-08-19 05:52:00,2025-08-19 19:08:00,0.0,6.0,Mesa
2025-08-20,110.4,89.4,110.8,87.8,2025-08-20 05:53:00,2025-08-20 19:07:00,0.0,6.6,Mesa
2025-08-21,110.9,91.5,113.9,93.3,2025-08-21 05:54:00,2025-08-21 19:06:00,0.0,7.6,Mesa
2025-08-22,110.3,91.7,112.3,93.7,2025-08-22 05:55:00,2025-08-22 19:04:00,0.0,7.9,Mesa
2025-08-23,107.7,90.9,108.8,92.7,2025-08-23 05:55:00,2025-08-23 19:03:00,0.0,9.5,Mesa
2025-08-24,106.3,90.5,110.7,93.7,2025-08-24 05:56:00,2025-08-24 19:02:00,0.0,7.8,Mesa
2025-08-25,101.2,80.9,105.6,84.5,2025-08-25 05:57:00,2025-08-25 19:01:00,0.118,10.5,Mesa
2025-08-26,96.2,77.9,101.1,85.4,2025-08-26 05:57:00,2025-08-26 18:59:00,0.031,11.9,Mesa
2025-08-27,99.1,80.9,101.3,85.3,2025-08-27 05:58:00,2025-08-27 18:58:00,0.0,5.7,Mesa
2025-08-28,103.8,86.9,105.6,88.8,2025-08-28 05:59:00,2025-08-28 18:57:00,0.0,7.8,Mesa
2025-08-29,99.2,76.7,100.2,80.2,2025-08-29 05:59:00,2025-08-29 18:56:00,0.043,9.4,Mesa
2025-08-30,105.1,84.2,105.9,85.6,2025-08-30 06:00:00,2025-08-30 18:54:00,0.0,6.8,Mesa
2025-08-31,107.5,83.9,106.7,80.8,2025-08-31 06:01:00,2025-08-31 18:53:00,0.0,10.5,Mesa
2025-09-01,106.2,86.7,107.3,86.9,2025-09-01 06:01:00,2025-09-01 18:52:00,0.0,8.8,Mesa
2025-09-02,107.6,89.9,104.5,90.7,2025-09-02 06:02:00,2025-09-02 18:50:00,0.0,11.8,Mesa
2025-09-03,102.9,84.3,104.7,87.6,2025-09-03 06:03:00,2025-09-03 18:49:00,0.0,9.2,Mesa
2025-09-04,93.6,78.6,97.2,82.2,2025-09-04 06:03:00,2025-09-04 18:48:00,0.0,7.8,Mesa
2025-09-05,93.5,72.0,94.5,77.3,2025-09-05 06:04:00,2025-09-05 18:47:00,0.642,4.7,Mesa
2025-09-06,97.8,78.4,100.5,82.9,2025-09-06 06:05:00,2025-09-06 18:45:00,0.016,7.0,Mesa
2025-09-07,99.3,82.5,102.5,86.4,2025-09-07 06:05:00,2025-09-07 18:44:00,0.0,6.0,Mesa
2025-09-08,100.8,85.6,104.0,88.1,2025-09-08 06:06:00,2025-09-08 18:43:00,0.008,6.3,Mesa
2025-09-09,103.3,83.9,104.5,83.1,2025-09-09 06:07:00,2025-09-09 18:41:00,0.0,8.1,Mesa
2025-09-10,105.7,85.6,103.2,85.2,2025-09-10 06:07:00,2025-09-10 18:40:00,0.0,11.0,Mesa
2025-09-11,100.9,83.9,102.0,83.0,2025-09-11 06:08:00,2025-09-11 18:38:00,0.0,8.6,Mesa
2025-09-12,100.0,81.7,99.5,82.9,2025-09-12 06:09:00,2025-09-12 18:37:00,0.0,8.2,Mesa
2025-09-13,95.5,77.5,94.1,72.2,2025-09-13 06:09:00,2025-09-13 18:36:00,0.0,6.5,Mesa
2025-09-14,98.2,76.3,97.1,71.6,2025-09-14 06:10:00,2025-09-14 18:34:00,0.0,6.0,Mesa
2025-09-15,101.7,77.7,100.1,73.6,2025-09-15 06:11:00,2025-09-15 18:33:00,0.0,6.8,Mesa
2025-09-16,102.1,82.5,101.8,80.5,2025-09-16 06:11:00,2025-09-16 18:31:00,0.0,5.9,Mesa
2025-09-17,101.0,85.2,103.3,86.1,2025-09-17 06:12:00,2025-09-17 18:30:00,0.0,7.3,Mesa
2025-09-18,96.1,74.5,96.8,79.9,2025-09-18 06:13:00,2025-09-18 18:29:00,0.264,9.8,Mesa
2025-09-19,97.3,74.3,100.2,77.6,2025-09-19 06:13:00,2025-09-19 18:27:00,0.031,7.4,Mesa
2025-09-20,97.2,78.2,101.6,83.5,2025-09-20 06:14:00,2025-09-20 18:26:00,0.0,5.3,Mesa
2025-09-21,97.6,78.9,100.2,79.8,2025-09-21 06:15:00,2025-09-21 18:25:00,0.035,9.5,Mesa
2025-09-22,90.7,71.6,93.2,75.1,2025-09-22 06:15:00,2025-09-22 18:23:00,1.11,9.7,Mesa
2025-09-23,99.9,77.4,102.4,79.0,2025-09-23 06:16:00,2025-09-23 18:22:00,0.0,5.8,Mesa
2025-09-24,105.0,81.1,104.2,77.0,2025-09-24 06:17:00,2025-09-24 18:20:00,0.0,8.4,Mesa
2025-09-25,103.2,84.7,100.9,80.3,2025-09-25 06:17:00,2025-09-25 18:19:00,0.063,10.9,Mesa
2025-09-26,85.7,71.6,85.2,73.4,2025-09-26 06:18:00,2025-09-26 18:18:00,0.24,11.5,Mesa
2025-09-27,81.6,67.6,84.3,67.5,2025-09-27 06:19:00,2025-09-27 18:16:00,0.48,9.8,Mesa
2025-09-28,81.5,67.6,86.1,69.5,2025-09-28 06:19:00,2025-09-28 18:15:00,0.02,8.3,Mesa
2025-09-29,90.2,67.1,91.5,69.1,2025-09-29 06:20:00,2025-09-29 18:14:00,0.0,6.5,Mesa
2025-09-30,93.2,68.5,93.2,68.9,2025-09-30 06:21:00,2025-09-30 18:12:00,0.0,5.7,Mesa
2025-10-01,94.8,71.6,94.4,71.9,2025-10-01 06:22:00,2025-10-01 18:11:00,0.0,7.8,Mesa
2025-10-02,98.8,71.8,97.7,71.2,2025-10-02 06:22:00,2025-10-02 18:10:00,0.0,6.6,Mesa
2025-10-03,100.9,75.3,97.6,72.7,2025-10-03 06:23:00,2025-10-03 18:08:00,0.0,11.9,Mesa
2025-10-04,87.8,72.2,84.0,69.5,2025-10-04 06:24:00,2025-10-04 18:07:00,0.0,6.3,Mesa
2025-10-05,87.3,63.8,83.3,59.1,2025-10-05 06:24:00,2025-10-05 18:06:00,0.0,5.8,Mesa
2025-10-06,92.2,64.4,88.8,59.5,2025-10-06 06:25:00,2025-10-06 18:04:00,0.0,6.0,Mesa
2025-10-07,96.9,67.6,94.0,62.8,2025-10-07 06:26:00,2025-10-07 18:03:00,0.0,6.2,Mesa
2025-10-08,98.7,73.1,96.2,68.0,2025-10-08 06:27:00,2025-10-08 18:02:00,0.0,6.7,Mesa
2025-10-09,92.1,76.1,92.9,78.2,2025-10-09 06:27:00,2025-10-09 18:00:00,0.126,10.4,Mesa
2025-10-10,89.2,75.0,90.5,76.0,2025-10-10 06:28:00,2025-10-10 17:59:00,0.094,11.7,Mesa
2025-10-11,79.7,70.3,86.7,74.5,2025-10-11 06:29:00,2025-10-11 17:58:00,0.535,8.5,Mesa
2025-10-12,78.9,67.3,84.7,70.7,2025-10-12 06:30:00,2025-10-12 17:57:00,1.142,6.6,Mesa
2025-10-13,77.5,66.5,82.1,69.4,2025-10-13 06:30:00,2025-10-13 17:55:00,0.362,10.1,Mesa
2025-10-14,81.8,66.2,82.5,67.1,2025-10-14 06:31:00,2025-10-14 17:54:00,0.016,8.2,Mesa
2025-10-15,76.1,63.7,76.5,64.1,2025-10-15 06:32:00,2025-10-15 17:53:00,0.0,4.7,Mesa
2025-10-16,76.2,57.7,75.1,57.8,2025-10-16 06:33:00,2025-10-16 17:52:00,0.0,4.5,Mesa
2025-10-17,79.8,58.6,77.0,56.6,2025-10-17 06:33:00,2025-10-17 17:51:00,0.0,4.3,Mesa
2025-10-18,82.8,60.1,80.4,57.3,2025-10-18 06:34:00,2025-10-18 17:49:00,0.0,4.8,Mesa
2025-10-19,88.0,62.4,86.1,58.8,2025-10-19 06:35:00,2025-10-19 17:48:00,0.0,4.8,Mesa
2025-10-20,86.4,62.2,83.8,59.2,2025-10-20 06:36:00,2025-10-20 17:47:00,0.0,5.2,Mesa
2025-10-21,89.2,63.6,85.7,60.7,2025-10-21 06:37:00,2025-10-21 17:46:00,0.0,5.9,Mesa
2025-10-22,90.2,68.2,86.3,64.9,2025-10-22 06:37:00,2025-10-22 17:45:00,0.008,8.4,Mesa
2025-10-23,81.6,63.1,78.5,62.2,2025-10-23 06:38:00,2025-10-23 17:44:00,0.0,4.7,Mesa
2025-10-24,81.7,60.1,78.3,56.2,2025-10-24 06:39:00,2025-10-24 17:43:00,0.0,5.0,Mesa
2025-10-25,83.1,61.4,81.0,58.4,2025-10-25 06:40:00,2025-10-25 17:42:00,0.0,5.6,Mesa
2025-10-26,86.1,62.0,82.2,58.2,2025-10-26 06:41:00,2025-10-26 17:40:00,0.0,5.2,Mesa
2025-10-27,86.8,63.5,82.9,58.7,2025-10-27 06:42:00,2025-10-27 17:39:00,0.0,6.0,Mesa
2025-10-28,91.4,66.0,85.0,60.6,2025-10-28 06:43:00,2025-10-28 17:38:00,0.0,12.0,Mesa
2025-10-29,89.9,66.7,82.8,57.5,2025-10-29 06:43:00,2025-10-29 17:37:00,0.0,12.0,Mesa
2025-10-30,88.5,63.9,83.9,56.8,2025-10-30 06:44:00,2025-10-30 17:36:00,0.0,8.5,Mesa
2025-10-31,85.9,61.6,81.7,56.7,2025-10-31 06:45:00,2025-10-31 17:35:00,0.0,5.4,Mesa
2025-11-01,85.5,60.0,81.0,54.7,2025-11-01 06:46:00,2025-11-01 17:35:00,0.0,5.6,Mesa
2025-11-02,88.1,62.6,83.0,56.6,2025-11-02 06:47:00,2025-11-02 17:34:00,0.0,5.4,Mesa
2025-11-03,87.7,63.3,83.3,57.8,2025-11-03 06:48:00,2025-11-03 17:33:00,0.0,6.0,Mesa
2025-11-04,87.3,62.1,82.4,56.0,2025-11-04 06:49:00,2025-11-04 17:32:00,0.0,6.2,Mesa
2025-11-05,86.3,61.9,81.2,55.5,2025-11-05 06:50:00,2025-11-05 17:31:00,0.0,6.4,Mesa
2025-11-06,83.7,62.0,78.9,55.9,2025-11-06 06:50:00,2025-11-06 17:30:00,0.0,5.4,Mesa
2025-11-07,82.6,60.2,77.6,54.8,2025-11-07 06:51:00,2025-11-07 17:30:00,0.0,5.1,Mesa
2025-11-08,83.2,59.9,79.0,54.4,2025-11-08 06:52:00,2025-11-08 17:29:00,0.0,5.3,Mesa
2025-11-09,89.1,63.0,83.0,55.8,2025-11-09 06:53:00,2025-11-09 17:28:00,0.0,10.4,Mesa
2025-11-10,87.5,65.9,81.5,57.8,2025-11-10 06:54:00,2025-11-10 17:27:00,0.0,9.2,Mesa
2025-11-11,84.0,61.6,79.7,55.7,2025-11-11 06:55:00,2025-11-11 17:27:00,0.0,7.3,Mesa
2025-11-12,84.8,61.3,79.5,55.5,2025-11-12 06:56:00,2025-11-12 17:26:00,0.0,5.2,Mesa
2025-11-13,85.3,63.1,80.0,57.3,2025-11-13 06:57:00,2025-11-13 17:25:00,0.0,5.4,Mesa
2025-11-14,85.4,60.5,80.6,54.3,2025-11-14 06:58:00,2025-11-14 17:25:00,0.0,5.6,Mesa
2025-11-15,82.0,61.5,78.2,56.4,2025-11-15 06:59:00,2025-11-15 17:24:00,0.063,6.3,Mesa
2025-11-16,70.8,62.3,71.0,61.1,2025-11-16 07:00:00,2025-11-16 17:24:00,0.256,7.3,Mesa
2025-11-17,71.9,55.6,69.0,53.1,2025-11-17 07:01:00,2025-11-17 17:23:00,0.122,4.5,Mesa
2025-11-18,69.0,56.9,67.9,55.1,2025-11-18 07:02:00,2025-11-18 17:23:00,1.075,8.3,Mesa
2025-11-19,66.2,53.5,66.5,53.1,2025-11-19 07:02:00,2025-11-19 17:22:00,0.909,8.2,Mesa
2025-11-20,60.9,52.3,59.3,50.4,2025-11-20 07:03:00,2025-11-20 17:22:00,0.323,5.8,Mesa
2025-11-21,64.9,51.0,62.6,47.5,2025-11-21 07:04:00,2025-11-21 17:21:00,0.0,7.2,Mesa
2025-11-22,69.8,56.5,69.4,53.3,2025-11-22 07:05:00,2025-11-22 17:21:00,0.732,7.1,Mesa
2025-11-23,62.5,53.4,62.4,52.4,2025-11-23 07:06:00,2025-11-23 17:20:00,0.402,5.0,Mesa
2025-11-24,63.4,50.5,63.0,48.2,2025-11-24 07:07:00,2025-11-24 17:20:00,0.0,4.2,Mesa
2025-11-25,66.9,51.3,67.0,48.7,2025-11-25 07:08:00,2025-11-25 17:20:00,0.0,4.5,Mesa
2025-11-26,73.0,53.3,70.2,48.0,2025-11-26 07:09:00,2025-11-26 17:20:00,0.0,7.6,Mesa
2025-11-27,73.9,53.8,72.2,47.6,2025-11-27 07:10:00,2025-11-27 17:19:00,0.0,8.8,Mesa
2025-11-28,72.6,52.7,71.7,49.0,2025-11-28 07:10:00,2025-11-28 17:19:00,0.0,6.5,Mesa
2025-11-29,70.0,51.2,67.7,48.2,2025-11-29 07:11:00,2025-11-29 17:19:00,0.0,4.5,Mesa
2025-11-30,69.5,50.4,67.0,46.6,2025-11-30 07:12:00,2025-11-30 17:19:00,0.0,4.3,Mesa
2025-12-01,69.2,51.4,64.9,47.7,2025-12-01 07:13:00,2025-12-01 17:19:00,0.0,7.6,Mesa
2025-12-02,67.6,47.7,63.0,41.2,2025-12-02 07:14:00,2025-12-02 17:19:00,0.0,8.4,Mesa
2025-12-03,64.2,45.6,58.5,41.9,2025-12-03 07:15:00,2025-12-03 17:19:00,0.0,7.7,Mesa
2025-12-04,64.1,46.3,57.8,39.8,2025-12-04 07:16:00,2025-12-04 17:19:00,0.0,8.0,Mesa
2025-12-05,64.0,44.9,58.5,38.7,2025-12-05 07:16:00,2025-12-05 17:19:00,0.0,6.0,Mesa
2025-12-06,65.4,45.2,60.7,39.5,2025-12-06 07:17:00,2025-12-06 17:19:00,0.0,4.7,Mesa
2025-12-07,70.6,46.9,66.1,41.7,2025-12-07 07:18:00,2025-12-07 17:19:00,0.0,5.0,Mesa
2025-12-08,71.1,49.6,66.7,43.5,2025-12-08 07:19:00,2025-12-08 17:19:00,0.0,6.9,Mesa
2025-12-09,73.1,51.8,68.4,44.0,2025-12-09 07:20:00,2025-12-09 17:19:00,0.0,9.5,Mesa
2025-12-10,72.6,50.3,67.7,44.4,2025-12-10 07:20:00,2025-12-10 17:19:00,0.0,5.3,Mesa
2025-12-11,75.7,54.4,71.0,49.1,2025-12-11 07:21:00,2025-12-11 17:19:00,0.0,5.7,Mesa
2025-12-12,75.5,54.3,71.3,48.7,2025-12-12 07:22:00,2025-12-12 17:20:00,0.0,5.5,Mesa
2025-12-13,74.4,53.2,70.9,48.2,2025-12-13 07:22:00,2025-12-13 17:20:00,0.0,4.9,Mesa
2025-12-14,80.3,56.7,73.5,49.5,2025-12-14 07:23:00,2025-12-14 17:20:00,0.0,8.2,Mesa
2025-12-15,80.0,58.5,75.1,52.1,2025-12-15 07:24:00,2025-12-15 17:20:00,0.0,8.6,Mesa
2025-12-16,73.6,53.2,68.5,47.0,2025-12-16 07:24:00,2025-12-16 17:21:00,0.0,6.5,Mesa
2025-12-17,72.5,51.5,67.9,45.2,2025-12-17 07:25:00,2025-12-17 17:21:00,0.0,5.1,Mesa
2025-12-18,70.5,51.5,67.0,46.0,2025-12-18 07:25:00,2025-12-18 17:22:00,0.0,4.8,Mesa
2025-12-19,74.8,52.4,71.4,47.3,2025-12-19 07:26:00,2025-12-19 17:22:00,0.0,4.7,Mesa
2025-12-20,75.7,54.7,71.5,48.9,2025-12-20 07:26:00,2025-12-20 17:23:00,0.0,5.0,Mesa
2025-12-21,77.9,55.2,73.7,48.9,2025-12-21 07:27:00,2025-12-21 17:23:00,0.0,5.7,Mesa
2025-12-22,79.2,55.9,76.2,50.0,2025-12-22 07:27:00,2025-12-22 17:24:00,0.0,5.9,Mesa
2025-12-23,79.1,57.2,74.0,50.2,2025-12-23 07:28:00,2025-12-23 17:24:00,0.043,8.9,Mesa
2025-12-24,68.8,63.1,68.1,60.9,2025-12-24 07:28:00,2025-12-24 17:25:00,0.059,8.3,Mesa
2025-12-25,70.4,61.6,72.0,60.3,2025-12-25 07:29:00,2025-12-25 17:25:00,0.445,7.9,Mesa
2025-12-26,70.5,57.6,71.6,56.6,2025-12-26 07:29:00,2025-12-26 17:26:00,0.0,5.1,Mesa
2025-12-27,68.3,57.6,65.6,54.3,2025-12-27 07:30:00,2025-12-27 17:27:00,0.004,5.9,Mesa
2025-12-28,67.1,47.8,62.1,44.3,2025-12-28 07:30:00,2025-12-28 17:27:00,0.0,8.9,Mesa
2025-12-29,73.8,53.6,65.7,45.3,2025-12-29 07:30:00,2025-12-29 17:28:00,0.0,10.6,Mesa
2025-12-30,73.0,54.6,66.0,45.3,2025-12-30 07:30:00,2025-12-30 17:29:00,0.0,10.1,Mesa
2025-12-31,70.8,55.4,65.5,47.4,2025-12-31 07:31:00,2025-12-31 17:29:00,0.0,8.9,Mesa
2025-01-01,44.9,38.2,40.6,32.2,2025-01-01 08:57:00,2025-01-01 17:28:00,0.055,8.0,Seattle
2025-01-02,44.8,37.1,39.8,31.9,2025-01-02 08:57:00,2025-01-02 17:29:00,0.094,9.3,Seattle
2025-01-03,45.4,38.8,40.8,33.5,2025-01-03 08:57:00,2025-01-03 17:30:00,0.476,10.6,Seattle
2025-01-04,46.8,39.4,43.4,35.4,2025-01-04 08:57:00,2025-01-04 17:31:00,0.311,11.5,Seattle
2025-01-05,49.6,43.8,48.2,38.0,2025-01-05 08:57:00,2025-01-05 17:32:00,0.055,9.3,Seattle
2025-01-06,47.2,39.2,42.4,34.9,2025-01-06 08:56:00,2025-01-06 17:33:00,0.0,10.6,Seattle
2025-01-07,43.5,35.3,38.3,30.7,2025-01-07 08:56:00,2025-01-07 17:35:00,0.004,7.2,Seattle
2025-01-08,49.1,41.2,45.2,36.8,2025-01-08 08:56:00,2025-01-08 17:36:00,0.083,6.9,Seattle
2025-01-09,47.4,39.7,44.9,35.2,2025-01-09 08:55:00,2025-01-09 17:37:00,0.0,7.2,Seattle
2025-01-10,49.8,39.8,46.8,34.7,2025-01-10 08:55:00,2025-01-10 17:38:00,0.283,10.5,Seattle
2025-01-11,46.1,37.9,43.4,33.5,2025-01-11 08:54:00,2025-01-11 17:39:00,0.0,4.2,Seattle
2025-01-12,45.0,37.6,39.1,33.1,2025-01-12 08:54:00,2025-01-12 17:41:00,0.012,8.3,Seattle
2025-01-13,40.6,35.4,36.0,31.0,2025-01-13 08:53:00,2025-01-13 17:42:00,0.0,3.9,Seattle
2025-01-14,43.4,35.6,39.4,31.7,2025-01-14 08:52:00,2025-01-14 17:43:00,0.0,4.8,Seattle
2025-01-15,44.8,35.5,42.0,31.5,2025-01-15 08:52:00,2025-01-15 17:45:00,0.0,5.3,Seattle
2025-01-16,43.4,37.0,40.1,32.7,2025-01-16 08:51:00,2025-01-16 17:46:00,0.004,7.5,Seattle
2025-01-17,43.7,36.6,37.8,32.2,2025-01-17 08:50:00,2025-01-17 17:48:00,0.012,7.5,Seattle
2025-01-18,42.7,31.7,36.0,25.9,2025-01-18 08:50:00,2025-01-18 17:49:00,0.0,5.5,Seattle
2025-01-19,42.1,31.6,34.2,25.4,2025-01-19 08:49:00,2025-01-19 17:51:00,0.0,9.9,Seattle
2025-01-20,40.0,30.6,33.8,24.2,2025-01-20 08:48:00,2025-01-20 17:52:00,0.0,4.9,Seattle
2025-01-21,42.0,31.1,37.5,25.5,2025-01-21 08:47:00,2025-01-21 17:54:00,0.0,3.5,Seattle
2025-01-22,40.8,31.4,33.7,25.4,2025-01-22 08:46:00,2025-01-22 17:55:00,0.0,7.2,Seattle
2025-01-23,41.5,31.6,37.1,26.2,2025-01-23 08:45:00,2025-01-23 17:57:00,0.0,5.7,Seattle
2025-01-24,42.5,35.6,34.2,29.8,2025-01-24 08:44:00,2025-01-24 17:58:00,0.0,11.5,Seattle
2025-01-25,42.4,30.8,35.0,24.3,2025-01-25 08:43:00,2025-01-25 17:59:00,0.0,9.7,Seattle
2025-01-26,42.2,29.8,36.6,24.4,2025-01-26 08:42:00,2025-01-26 18:01:00,0.0,4.0,Seattle
2025-01-27,43.3,30.6,37.5,24.4,2025-01-27 08:41:00,2025-01-27 18:02:00,0.0,5.1,Seattle
2025-01-28,42.4,29.5,38.5,23.8,2025-01-28 08:40:00,2025-01-28 18:04:00,0.0,3.5,Seattle
2025-01-29,44.3,28.7,39.6,23.3,2025-01-29 08:38:00,2025-01-29 18:06:00,0.0,6.4,Seattle
2025-01-30,41.5,32.5,36.6,27.4,2025-01-30 08:37:00,2025-01-30 18:07:00,0.063,7.1,Seattle
2025-01-31,49.5,39.7,42.8,31.1,2025-01-31 08:36:00,2025-01-31 18:09:00,0.768,22.0,Seattle
2025-02-01,41.4,36.3,32.0,26.9,2025-02-01 08:35:00,2025-02-01 18:10:00,0.039,16.6,Seattle
2025-02-02,37.4,34.1,28.9,26.2,2025-02-02 08:33:00,2025-02-02 18:12:00,0.217,11.6,Seattle
2025-02-03,39.1,32.7,32.7,26.1,2025-02-03 08:32:00,2025-02-03 18:13:00,0.059,9.0,Seattle
2025-02-04,41.2,31.3,35.2,24.9,2025-02-04 08:30:00,2025-02-04 18:15:00,0.004,7.9,Seattle
2025-02-05,38.1,30.8,32.5,24.4,2025-02-05 08:29:00,2025-02-05 18:17:00,0.169,6.6,Seattle
2025-02-06,37.2,30.7,30.4,22.1,2025-02-06 08:27:00,2025-02-06 18:18:00,0.465,10.3,Seattle
2025-02-07,39.6,28.9,32.2,20.9,2025-02-07 08:26:00,2025-02-07 18:20:00,0.0,8.4,Seattle
2025-02-08,38.6,33.2,34.2,28.6,2025-02-08 08:24:00,2025-02-08 18:21:00,0.213,4.2,Seattle
2025-02-09,41.6,33.9,35.6,29.1,2025-02-09 08:23:00,2025-02-09 18:23:00,0.0,6.6,Seattle
2025-02-10,39.3,30.6,31.2,25.0,2025-02-10 08:21:00,2025-02-10 18:25:00,0.008,11.2,Seattle
2025-02-11,34.6,24.2,25.9,16.8,2025-02-11 08:20:00,2025-02-11 18:26:00,0.0,8.3,Seattle
2025-02-12,39.5,24.4,32.0,16.6,2025-02-12 08:18:00,2025-02-12 18:28:00,0.0,10.1,Seattle
2025-02-13,38.4,27.1,32.2,18.2,2025-02-13 08:17:00,2025-02-13 18:29:00,0.016,8.4,Seattle
2025-02-14,42.8,33.6,37.5,26.7,2025-02-14 08:15:00,2025-02-14 18:31:00,0.016,7.5,Seattle
2025-02-15,42.8,36.4,39.1,30.8,2025-02-15 08:13:00,2025-02-15 18:32:00,0.083,9.4,Seattle
2025-02-16,48.6,38.6,44.9,32.3,2025-02-16 08:12:00,2025-02-16 18:34:00,0.236,8.8,Seattle
2025-02-17,47.8,41.4,45.6,35.7,2025-02-17 08:10:00,2025-02-17 18:35:00,0.276,9.1,Seattle
2025-02-18,52.4,43.5,49.8,39.3,2025-02-18 08:08:00,2025-02-18 18:37:00,0.016,9.2,Seattle
2025-02-19,51.1,43.3,43.7,34.2,2025-02-19 08:07:00,2025-02-19 18:39:00,0.299,18.6,Seattle
2025-02-20,50.8,43.0,46.5,35.9,2025-02-20 08:05:00,2025-02-20 18:40:00,0.0,17.1,Seattle
2025-02-21,49.5,40.4,45.2,36.2,2025-02-21 08:03:00,2025-02-21 18:42:00,0.272,8.2,Seattle
2025-02-22,53.7,46.1,49.6,41.2,2025-02-22 08:01:00,2025-02-22 18:43:00,0.866,18.9,Seattle
2025-02-23,54.6,47.2,52.2,39.5,2025-02-23 07:59:00,2025-02-23 18:45:00,0.602,23.6,Seattle
2025-02-24,50.5,42.5,47.6,38.0,2025-02-24 07:57:00,2025-02-24 18:46:00,0.26,20.3,Seattle
2025-02-25,52.5,44.2,45.6,31.5,2025-02-25 07:56:00,2025-02-25 18:48:00,1.051,29.1,Seattle
2025-02-26,56.2,36.7,53.5,32.2,2025-02-26 07:54:00,2025-02-26 18:49:00,0.0,9.2,Seattle
2025-02-27,61.7,41.6,59.5,34.7,2025-02-27 07:52:00,2025-02-27 18:51:00,0.0,8.7,Seattle
2025-02-28,55.9,38.1,53.4,34.5,2025-02-28 07:50:00,2025-02-28 18:52:00,0.0,7.4,Seattle
2025-03-01,60.3,37.9,57.2,33.8,2025-03-01 07:48:00,2025-03-01 18:54:00,0.0,10.5,Seattle
2025-03-02,50.9,44.5,47.0,42.1,2025-03-02 07:46:00,2025-03-02 18:55:00,0.004,7.2,Seattle
2025-03-03,53.2,45.3,49.5,41.1,2025-03-03 07:44:00,2025-03-03 18:57:00,0.016,7.0,Seattle
2025-03-04,49.2,44.1,45.9,37.0,2025-03-04 07:42:00,2025-03-04 18:58:00,0.165,16.9,Seattle
2025-03-05,51.5,39.5,46.6,34.5,2025-03-05 07:40:00,2025-03-05 19:00:00,0.0,10.5,Seattle
2025-03-06,51.2,41.6,45.9,35.7,2025-03-06 07:38:00,2025-03-06 19:01:00,0.0,9.7,Seattle
2025-03-07,51.8,37.1,45.2,30.2,2025-03-07 07:36:00,2025-03-07 19:03:00,0.004,9.0,Seattle
2025-03-08,54.2,42.9,49.2,37.3,2025-03-08 07:34:00,2025-03-08 19:04:00,0.067,13.6,Seattle
2025-03-09,53.2,39.7,43.6,33.8,2025-03-09 07:33:00,2025-03-09 19:06:00,0.307,18.2,Seattle
2025-03-10,48.0,39.9,42.3,35.2,2025-03-10 07:31:00,2025-03-10 19:07:00,0.024,7.1,Seattle
2025-03-11,47.7,41.2,44.3,34.7,2025-03-11 07:29:00,2025-03-11 19:09:00,0.075,9.0,Seattle
2025-03-12,49.2,43.3,46.6,37.2,2025-03-12 07:27:00,2025-03-12 19:10:00,0.602,11.5,Seattle
2025-03-13,47.5,39.6,38.3,31.9,2025-03-13 07:25:00,2025-03-13 19:12:00,0.307,16.0,Seattle
2025-03-14,52.8,36.6,46.7,31.7,2025-03-14 07:23:00,2025-03-14 19:13:00,0.028,8.4,Seattle
2025-03-15,48.7,42.1,40.4,32.6,2025-03-15 07:20:00,2025-03-15 19:15:00,0.209,22.0,Seattle
2025-03-16,51.3,39.7,43.9,32.1,2025-03-16 07:18:00,2025-03-16 19:16:00,0.165,12.7,Seattle
2025-03-17,46.2,38.5,42.5,33.2,2025-03-17 07:16:00,2025-03-17 19:17:00,0.165,6.0,Seattle
2025-03-18,49.9,35.4,44.6,29.3,2025-03-18 07:14:00,2025-03-18 19:19:00,0.067,7.1,Seattle
2025-03-19,53.6,41.8,46.5,35.3,2025-03-19 07:12:00,2025-03-19 19:20:00,0.106,17.9,Seattle
2025-03-20,47.6,42.2,40.4,33.8,2025-03-20 07:10:00,2025-03-20 19:22:00,0.358,19.1,Seattle
2025-03-21,52.3,43.1,44.9,36.0,2025-03-21 07:08:00,2025-03-21 19:23:00,0.181,20.4,Seattle
2025-03-22,52.3,40.2,48.1,35.4,2025-03-22 07:06:00,2025-03-22 19:25:00,0.024,7.8,Seattle
2025-03-23,54.1,45.2,45.9,39.8,2025-03-23 07:04:00,2025-03-23 19:26:00,0.929,21.0,Seattle
2025-03-24,59.5,51.2,55.7,44.0,2025-03-24 07:02:00,2025-03-24 19:28:00,0.374,19.2,Seattle
2025-03-25,64.5,47.5,65.9,45.9,2025-03-25 07:00:00,2025-03-25 19:29:00,0.004,9.3,Seattle
2025-03-26,69.2,49.3,69.3,45.7,2025-03-26 06:58:00,2025-03-26 19:30:00,0.209,14.5,Seattle
2025-03-27,60.5,48.1,56.8,45.7,2025-03-27 06:56:00,2025-03-27 19:32:00,0.437,10.5,Seattle
2025-03-28,51.6,45.5,46.1,40.3,2025-03-28 06:54:00,2025-03-28 19:33:00,0.614,15.7,Seattle
2025-03-29,54.9,44.6,51.2,39.4,2025-03-29 06:52:00,2025-03-29 19:35:00,0.004,10.4,Seattle
2025-03-30,63.7,41.8,56.1,36.8,2025-03-30 06:50:00,2025-03-30 19:36:00,0.071,11.4,Seattle
2025-03-31,52.0,44.9,45.2,39.8,2025-03-31 06:48:00,2025-03-31 19:37:00,0.114,12.3,Seattle
2025-04-01,52.8,42.5,49.3,38.1,2025-04-01 06:46:00,2025-04-01 19:39:00,0.083,6.5,Seattle
2025-04-02,51.6,42.4,47.5,36.9,2025-04-02 06:44:00,2025-04-02 19:40:00,0.067,7.4,Seattle
2025-04-03,54.8,41.5,50.3,37.7,2025-04-03 06:42:00,2025-04-03 19:42:00,0.0,5.1,Seattle
2025-04-04,60.6,40.7,57.0,37.1,2025-04-04 06:40:00,2025-04-04 19:43:00,0.0,5.3,Seattle
2025-04-05,66.7,42.9,64.2,38.7,2025-04-05 06:38:00,2025-04-05 19:45:00,0.0,7.5,Seattle
2025-04-06,53.2,49.5,50.9,45.6,2025-04-06 06:36:00,2025-04-06 19:46:00,0.594,8.3,Seattle
2025-04-07,55.0,47.0,50.5,40.5,2025-04-07 06:34:00,2025-04-07 19:47:00,0.386,14.1,Seattle
2025-04-08,53.8,46.7,44.0,39.5,2025-04-08 06:32:00,2025-04-08 19:49:00,0.594,18.9,Seattle
2025-04-09,57.5,44.2,55.2,39.2,2025-04-09 06:30:00,2025-04-09 19:50:00,0.0,10.5,Seattle
2025-04-10,64.6,46.0,59.6,41.8,2025-04-10 06:28:00,2025-04-10 19:52:00,0.201,16.3,Seattle
2025-04-11,52.7,43.5,48.8,39.4,2025-04-11 06:26:00,2025-04-11 19:53:00,0.0,12.1,Seattle
2025-04-12,52.7,43.6,48.2,38.8,2025-04-12 06:24:00,2025-04-12 19:55:00,0.063,9.5,Seattle
2025-04-13,56.9,42.1,52.1,37.4,2025-04-13 06:22:00,2025-04-13 19:56:00,0.0,9.1,Seattle
2025-04-14,60.8,44.6,57.3,39.3,2025-04-14 06:20:00,2025-04-14 19:57:00,0.0,12.1,Seattle
2025-04-15,59.8,46.9,56.7,43.0,2025-04-15 06:19:00,2025-04-15 19:59:00,0.0,9.4,Seattle
2025-04-16,59.1,45.6,53.4,41.5,2025-04-16 06:17:00,2025-04-16 20:00:00,0.0,15.8,Seattle
2025-04-17,61.2,44.2,57.0,39.6,2025-04-17 06:15:00,2025-04-17 20:02:00,0.0,9.0,Seattle
2025-04-18,68.5,43.7,65.4,39.9,2025-04-18 06:13:00,2025-04-18 20:03:00,0.0,10.9,Seattle
2025-04-19,57.9,50.3,54.6,46.3,2025-04-19 06:11:00,2025-04-19 20:04:00,0.071,7.8,Seattle
2025-04-20,54.9,46.0,52.2,40.5,2025-04-20 06:09:00,2025-04-20 20:06:00,0.295,8.4,Seattle
2025-04-21,56.2,43.9,52.9,38.8,2025-04-21 06:08:00,2025-04-21 20:07:00,0.028,7.9,Seattle
2025-04-22,56.6,42.9,52.7,40.1,2025-04-22 06:06:00,2025-04-22 20:09:00,0.0,9.6,Seattle
2025-04-23,61.1,42.8,57.7,39.1,2025-04-23 06:04:00,2025-04-23 20:10:00,0.0,7.6,Seattle
2025-04-24,66.9,44.7,64.2,41.3,2025-04-24 06:02:00,2025-04-24 20:11:00,0.0,8.5,Seattle
2025-04-25,66.7,48.3,63.6,44.8,2025-04-25 06:00:00,2025-04-25 20:13:00,0.0,10.8,Seattle
2025-04-26,64.0,47.6,64.1,44.0,2025-04-26 05:59:00,2025-04-26 20:14:00,0.0,7.4,Seattle
2025-04-27,61.3,47.3,58.3,42.0,2025-04-27 05:57:00,2025-04-27 20:16:00,0.0,7.9,Seattle
2025-04-28,58.5,48.2,52.6,43.3,2025-04-28 05:55:00,2025-04-28 20:17:00,0.106,10.6,Seattle
2025-04-29,56.4,49.3,52.3,44.0,2025-04-29 05:54:00,2025-04-29 20:18:00,0.161,11.2,Seattle
2025-04-30,59.7,46.3,56.6,43.9,2025-04-30 05:52:00,2025-04-30 20:20:00,0.0,6.1,Seattle
2025-05-01,69.7,45.6,67.9,41.9,2025-05-01 05:50:00,2025-05-01 20:21:00,0.0,6.7,Seattle
2025-05-02,70.7,50.3,67.4,47.5,2025-05-02 05:49:00,2025-05-02 20:23:00,0.0,13.0,Seattle
2025-05-03,56.9,48.8,55.1,45.0,2025-05-03 05:47:00,2025-05-03 20:24:00,0.217,7.2,Seattle
2025-05-04,58.7,44.9,54.4,42.4,2025-05-04 05:46:00,2025-05-04 20:25:00,0.02,8.3,Seattle
2025-05-05,64.7,46.2,60.9,42.1,2025-05-05 05:44:00,2025-05-05 20:27:00,0.0,8.7,Seattle
2025-05-06,75.7,48.0,73.7,45.5,2025-05-06 05:43:00,2025-05-06 20:28:00,0.0,8.0,Seattle
2025-05-07,63.2,50.6,58.7,44.7,2025-05-07 05:41:00,2025-05-07 20:29:00,0.0,10.8,Seattle
2025-05-08,59.8,45.9,56.4,41.9,2025-05-08 05:40:00,2025-05-08 20:31:00,0.0,8.6,Seattle
2025-05-09,67.1,46.1,64.0,43.1,2025-05-09 05:38:00,2025-05-09 20:32:00,0.0,9.4,Seattle
2025-05-10,62.6,50.8,57.0,48.3,2025-05-10 05:37:00,2025-05-10 20:33:00,0.008,10.6,Seattle
2025-05-11,60.9,52.0,56.6,48.0,2025-05-11 05:36:00,2025-05-11 20:35:00,0.13,10.3,Seattle
2025-05-12,64.0,49.0,59.7,46.9,2025-05-12 05:34:00,2025-05-12 20:36:00,0.031,7.1,Seattle
2025-05-13,64.3,48.7,60.8,44.3,2025-05-13 05:33:00,2025-05-13 20:37:00,0.0,9.3,Seattle
2025-05-14,61.6,50.5,58.6,46.1,2025-05-14 05:32:00,2025-05-14 20:39:00,0.035,9.2,Seattle
2025-05-15,56.2,47.4,50.4,43.5,2025-05-15 05:30:00,2025-05-15 20:40:00,0.087,9.4,Seattle
2025-05-16,58.1,49.3,55.4,45.3,2025-05-16 05:29:00,2025-05-16 20:41:00,0.11,9.9,Seattle
2025-05-17,57.4,50.5,57.1,45.6,2025-05-17 05:28:00,2025-05-17 20:42:00,0.441,11.1,Seattle
2025-05-18,60.7,46.4,59.5,40.8,2025-05-18 05:27:00,2025-05-18 20:44:00,0.039,9.1,Seattle
2025-05-19,58.6,49.3,52.0,43.9,2025-05-19 05:26:00,2025-05-19 20:45:00,0.327,16.3,Seattle
2025-05-20,60.2,48.7,54.9,42.7,2025-05-20 05:25:00,2025-05-20 20:46:00,0.024,14.8,Seattle
2025-05-21,60.2,48.5,56.9,46.0,2025-05-21 05:24:00,2025-05-21 20:47:00,0.122,7.8,Seattle
2025-05-22,64.0,49.0,64.7,45.9,2025-05-22 05:23:00,2025-05-22 20:48:00,0.0,7.0,Seattle
2025-05-23,63.9,48.8,63.0,46.3,2025-05-23 05:22:00,2025-05-23 20:50:00,0.004,10.0,Seattle
2025-05-24,71.4,48.7,70.3,46.2,2025-05-24 05:21:00,2025-05-24 20:51:00,0.0,10.8,Seattle
2025-05-25,70.2,51.4,65.9,47.3,2025-05-25 05:20:00,2025-05-25 20:52:00,0.0,9.8,Seattle
2025-05-26,67.8,54.1,62.3,51.6,2025-05-26 05:19:00,2025-05-26 20:53:00,0.035,12.1,Seattle
2025-05-27,70.2,50.5,67.0,48.4,2025-05-27 05:18:00,2025-05-27 20:54:00,0.0,9.9,Seattle
2025-05-28,82.0,54.2,80.1,51.7,2025-05-28 05:17:00,2025-05-28 20:55:00,0.0,14.1,Seattle
2025-05-29,65.8,54.7,66.3,50.9,2025-05-29 05:17:00,2025-05-29 20:56:00,0.248,13.7,Seattle
2025-05-30,74.4,50.5,73.5,48.1,2025-05-30 05:16:00,2025-05-30 20:57:00,0.0,8.7,Seattle
2025-05-31,60.5,52.7,57.1,48.6,2025-05-31 05:15:00,2025-05-31 20:58:00,0.051,9.3,Seattle
2025-06-01,63.8,50.7,60.5,48.6,2025-06-01 05:15:00,2025-06-01 20:59:00,0.0,8.4,Seattle
2025-06-02,67.6,50.0,63.3,47.8,2025-06-02 05:14:00,2025-06-02 21:00:00,0.0,9.3,Seattle
2025-06-03,73.5,51.8,70.6,49.7,2025-06-03 05:14:00,2025-06-03 21:01:00,0.0,9.7,Seattle
2025-06-04,70.4,56.1,68.5,55.3,2025-06-04 05:13:00,2025-06-04 21:01:00,0.004,3.9,Seattle
2025-06-05,73.3,55.9,72.3,55.6,2025-06-05 05:13:00,2025-06-05 21:02:00,0.0,8.9,Seattle
2025-06-06,77.7,57.0,78.4,56.9,2025-06-06 05:12:00,2025-06-06 21:03:00,0.0,9.8,Seattle
2025-06-07,76.4,57.7,74.7,57.9,2025-06-07 05:12:00,2025-06-07 21:04:00,0.0,10.2,Seattle
2025-06-08,84.9,61.4,85.0,60.4,2025-06-08 05:11:00,2025-06-08 21:05:00,0.0,8.6,Seattle
2025-06-09,82.8,62.7,81.1,61.0,2025-06-09 05:11:00,2025-06-09 21:05:00,0.0,10.3,Seattle
2025-06-10,80.2,58.9,78.0,58.0,2025-06-10 05:11:00,2025-06-10 21:06:00,0.0,8.7,Seattle
2025-06-11,74.2,53.8,72.5,50.8,2025-06-11 05:11:00,2025-06-11 21:07:00,0.0,10.7,Seattle
2025-06-12,70.6,52.7,66.4,47.1,2025-06-12 05:11:00,2025-06-12 21:07:00,0.0,10.2,Seattle
2025-06-13,65.6,51.7,62.8,47.5,2025-06-13 05:10:00,2025-06-13 21:08:00,0.0,8.6,Seattle
2025-06-14,68.2,52.2,66.4,47.8,2025-06-14 05:10:00,2025-06-14 21:08:00,0.0,11.2,Seattle
2025-06-15,70.1,51.4,69.2,48.5,2025-06-15 05:10:00,2025-06-15 21:09:00,0.0,8.5,Seattle
2025-06-16,76.1,51.7,74.2,49.7,2025-06-16 05:10:00,2025-06-16 21:09:00,0.0,10.8,Seattle
2025-06-17,75.3,53.4,73.9,50.5,2025-06-17 05:10:00,2025-06-17 21:09:00,0.0,9.6,Seattle
2025-06-18,69.6,57.7,64.8,54.2,2025-06-18 05:10:00,2025-06-18 21:10:00,0.039,14.7,Seattle
2025-06-19,68.0,53.4,65.7,52.3,2025-06-19 05:11:00,2025-06-19 21:10:00,0.0,8.7,Seattle
2025-06-20,63.2,53.5,60.1,48.7,2025-06-20 05:11:00,2025-06-20 21:10:00,0.008,8.6,Seattle
2025-06-21,61.5,52.7,60.5,46.2,2025-06-21 05:11:00,2025-06-21 21:10:00,0.232,14.6,Seattle
2025-06-22,68.7,54.9,68.9,53.4,2025-06-22 05:11:00,2025-06-22 21:10:00,0.0,5.9,Seattle
2025-06-23,74.3,55.0,74.8,53.8,2025-06-23 05:12:00,2025-06-23 21:11:00,0.0,8.4,Seattle
2025-06-24,77.2,55.6,78.5,55.3,2025-06-24 05:12:00,2025-06-24 21:11:00,0.0,8.1,Seattle
2025-06-25,70.8,56.6,67.2,52.9,2025-06-25 05:12:00,2025-06-25 21:11:00,0.008,10.3,Seattle
2025-06-26,66.2,55.9,63.3,53.7,2025-06-26 05:13:00,2025-06-26 21:11:00,0.106,9.1,Seattle
2025-06-27,67.7,55.1,65.9,51.9,2025-06-27 05:13:00,2025-06-27 21:11:00,0.008,8.7,Seattle
2025-06-28,72.6,55.1,72.7,55.8,2025-06-28 05:14:00,2025-06-28 21:11:00,0.0,9.3,Seattle
2025-06-29,75.5,55.8,72.9,54.1,2025-06-29 05:14:00,2025-06-29 21:10:00,0.0,11.3,Seattle
2025-06-30,81.1,60.6,80.3,59.0,2025-06-30 05:15:00,2025-06-30 21:10:00,0.0,10.2,Seattle
2025-07-01,80.1,59.1,79.6,59.1,2025-07-01 05:16:00,2025-07-01 21:10:00,0.0,10.8,Seattle
2025-07-02,77.9,58.3,78.2,56.4,2025-07-02 05:16:00,2025-07-02 21:10:00,0.0,14.8,Seattle
2025-07-03,71.4,56.1,68.0,53.8,2025-07-03 05:17:00,2025-07-03 21:10:00,0.0,9.0,Seattle
2025-07-04,75.7,54.8,75.2,53.4,2025-07-04 05:18:00,2025-07-04 21:09:00,0.0,9.8,Seattle
2025-07-05,76.3,56.1,75.5,54.3,2025-07-05 05:18:00,2025-07-05 21:09:00,0.0,10.1,Seattle
2025-07-06,77.0,55.2,75.0,53.2,2025-07-06 05:19:00,2025-07-06 21:08:00,0.0,9.9,Seattle
2025-07-07,80.9,57.9,79.6,57.2,2025-07-07 05:20:00,2025-07-07 21:08:00,0.0,9.6,Seattle
2025-07-08,84.9,60.8,88.8,59.2,2025-07-08 05:21:00,2025-07-08 21:07:00,0.0,13.4,Seattle
2025-07-09,71.3,60.5,68.7,59.3,2025-07-09 05:22:00,2025-07-09 21:07:00,0.087,13.8,Seattle
2025-07-10,72.0,58.4,69.7,57.6,2025-07-10 05:22:00,2025-07-10 21:06:00,0.028,8.2,Seattle
2025-07-11,81.3,58.0,78.7,58.0,2025-07-11 05:23:00,2025-07-11 21:05:00,0.0,9.9,Seattle
2025-07-12,79.9,60.9,79.7,61.0,2025-07-12 05:24:00,2025-07-12 21:05:00,0.0,8.9,Seattle
2025-07-13,85.4,61.6,85.5,61.9,2025-07-13 05:25:00,2025-07-13 21:04:00,0.0,9.8,Seattle
2025-07-14,76.2,61.3,76.4,60.2,2025-07-14 05:26:00,2025-07-14 21:03:00,0.0,11.6,Seattle
2025-07-15,84.5,60.9,82.8,60.8,2025-07-15 05:27:00,2025-07-15 21:02:00,0.0,11.5,Seattle
2025-07-16,91.7,63.9,93.4,64.1,2025-07-16 05:28:00,2025-07-16 21:01:00,0.0,10.3,Seattle
2025-07-17,82.9,59.5,84.0,58.7,2025-07-17 05:29:00,2025-07-17 21:01:00,0.0,7.9,Seattle
2025-07-18,76.6,59.7,75.8,57.9,2025-07-18 05:31:00,2025-07-18 21:00:00,0.0,9.9,Seattle
2025-07-19,70.1,57.8,68.7,55.2,2025-07-19 05:32:00,2025-07-19 20:59:00,0.012,7.1,Seattle
2025-07-20,73.1,55.7,71.2,55.4,2025-07-20 05:33:00,2025-07-20 20:58:00,0.0,6.5,Seattle
2025-07-21,79.4,56.8,79.5,57.0,2025-07-21 05:34:00,2025-07-21 20:57:00,0.0,7.0,Seattle
2025-07-22,78.7,57.3,80.7,55.8,2025-07-22 05:35:00,2025-07-22 20:56:00,0.0,9.1,Seattle
2025-07-23,81.4,58.5,84.3,60.2,2025-07-23 05:36:00,2025-07-23 20:54:00,0.0,9.1,Seattle
2025-07-24,78.6,57.2,79.0,56.5,2025-07-24 05:37:00,2025-07-24 20:53:00,0.0,9.4,Seattle
2025-07-25,71.6,57.3,70.3,55.2,2025-07-25 05:39:00,2025-07-25 20:52:00,0.02,11.0,Seattle
2025-07-26,74.5,57.3,74.2,56.7,2025-07-26 05:40:00,2025-07-26 20:51:00,0.0,6.7,Seattle
2025-07-27,77.3,56.3,77.1,54.9,2025-07-27 05:41:00,2025-07-27 20:50:00,0.0,9.8,Seattle
2025-07-28,79.5,56.2,79.7,55.9,2025-07-28 05:42:00,2025-07-28 20:48:00,0.0,10.4,Seattle
2025-07-29,81.7,58.2,80.2,56.4,2025-07-29 05:43:00,2025-07-29 20:47:00,0.0,9.2,Seattle
2025-07-30,81.2,59.0,80.3,57.7,2025-07-30 05:45:00,2025-07-30 20:46:00,0.0,8.1,Seattle
2025-07-31,82.0,61.8,82.8,62.6,2025-07-31 05:46:00,2025-07-31 20:44:00,0.0,8.0,Seattle
2025-08-01,80.8,59.6,82.8,59.9,2025-08-01 05:47:00,2025-08-01 20:43:00,0.0,8.2,Seattle
2025-08-02,78.2,60.5,79.3,60.8,2025-08-02 05:48:00,2025-08-02 20:42:00,0.0,10.4,Seattle
2025-08-03,74.2,58.7,73.3,58.5,2025-08-03 05:50:00,2025-08-03 20:40:00,0.0,9.4,Seattle
2025-08-04,75.0,58.4,73.7,57.0,2025-08-04 05:51:00,2025-08-04 20:39:00,0.0,8.6,Seattle
2025-08-05,78.9,59.5,77.2,58.9,2025-08-05 05:52:00,2025-08-05 20:37:00,0.0,9.6,Seattle
2025-08-06,71.4,61.6,70.6,60.8,2025-08-06 05:54:00,2025-08-06 20:36:00,0.307,12.6,Seattle
2025-08-07,68.6,58.7,68.3,56.8,2025-08-07 05:55:00,2025-08-07 20:34:00,0.134,8.1,Seattle
2025-08-08,72.1,56.3,72.7,55.7,2025-08-08 05:56:00,2025-08-08 20:32:00,0.0,7.1,Seattle
2025-08-09,76.0,56.8,76.1,56.4,2025-08-09 05:58:00,2025-08-09 20:31:00,0.0,8.3,Seattle
2025-08-10,82.9,60.9,82.0,61.0,2025-08-10 05:59:00,2025-08-10 20:29:00,0.0,10.5,Seattle
2025-08-11,83.5,67.7,81.5,66.6,2025-08-11 06:00:00,2025-08-11 20:28:00,0.0,13.0,Seattle
2025-08-12,88.8,65.8,87.5,67.4,2025-08-12 06:02:00,2025-08-12 20:26:00,0.0,9.5,Seattle
2025-08-13,83.6,63.0,82.1,63.5,2025-08-13 06:03:00,2025-08-13 20:24:00,0.0,13.5,Seattle
2025-08-14,77.2,62.0,75.0,60.3,2025-08-14 06:04:00,2025-08-14 20:23:00,0.193,10.3,Seattle
2025-08-15,68.0,61.9,67.2,61.6,2025-08-15 06:06:00,2025-08-15 20:21:00,0.854,16.3,Seattle
2025-08-16,72.3,59.8,71.5,56.9,2025-08-16 06:07:00,2025-08-16 20:19:00,0.059,14.0,Seattle
2025-08-17,71.9,58.6,73.4,58.5,2025-08-17 06:08:00,2025-08-17 20:17:00,0.0,9.0,Seattle
2025-08-18,74.2,59.6,72.0,61.1,2025-08-18 06:10:00,2025-08-18 20:16:00,0.0,8.6,Seattle
2025-08-19,71.4,59.2,72.8,59.0,2025-08-19 06:11:00,2025-08-19 20:14:00,0.0,8.8,Seattle
2025-08-20,70.7,58.6,71.0,57.6,2025-08-20 06:12:00,2025-08-20 20:12:00,0.0,8.8,Seattle
2025-08-21,72.8,55.0,70.4,53.5,2025-08-21 06:14:00,2025-08-21 20:10:00,0.0,10.0,Seattle
2025-08-22,80.9,59.3,78.7,56.7,2025-08-22 06:15:00,2025-08-22 20:08:00,0.0,10.6,Seattle
2025-08-23,83.4,60.8,81.8,59.9,2025-08-23 06:16:00,2025-08-23 20:06:00,0.0,10.2,Seattle
2025-08-24,85.9,60.5,85.9,61.0,2025-08-24 06:18:00,2025-08-24 20:04:00,0.0,6.8,Seattle
2025-08-25,85.8,63.0,84.0,64.0,2025-08-25 06:19:00,2025-08-25 20:02:00,0.0,6.8,Seattle
2025-08-26,84.7,62.7,83.6,63.8,2025-08-26 06:20:00,2025-08-26 20:01:00,0.0,6.5,Seattle
2025-08-27,80.2,63.1,79.7,63.9,2025-08-27 06:22:00,2025-08-27 19:59:00,0.0,8.6,Seattle
2025-08-28,79.6,63.6,82.9,65.9,2025-08-28 06:23:00,2025-08-28 19:57:00,0.008,7.3,Seattle
2025-08-29,77.9,61.4,82.2,63.9,2025-08-29 06:24:00,2025-08-29 19:55:00,0.0,4.7,Seattle
2025-08-30,73.0,58.6,75.8,58.9,2025-08-30 06:26:00,2025-08-30 19:53:00,0.0,7.0,Seattle
2025-08-31,73.2,57.9,76.6,58.3,2025-08-31 06:27:00,2025-08-31 19:51:00,0.055,5.8,Seattle
2025-09-01,73.0,58.0,75.4,57.9,2025-09-01 06:28:00,2025-09-01 19:49:00,0.0,5.8,Seattle
2025-09-02,73.5,59.1,74.7,59.7,2025-09-02 06:30:00,2025-09-02 19:47:00,0.0,7.5,Seattle
2025-09-03,75.1,58.9,77.2,60.4,2025-09-03 06:31:00,2025-09-03 19:45:00,0.0,6.5,Seattle
2025-09-04,76.3,58.7,79.1,61.2,2025-09-04 06:32:00,2025-09-04 19:43:00,0.0,5.7,Seattle
2025-09-05,76.1,58.3,79.6,60.1,2025-09-05 06:34:00,2025-09-05 19:41:00,0.0,8.2,Seattle
2025-09-06,70.9,59.5,75.0,59.1,2025-09-06 06:35:00,2025-09-06 19:39:00,0.055,7.8,Seattle
2025-09-07,71.4,59.8,72.0,59.0,2025-09-07 06:36:00,2025-09-07 19:37:00,0.0,8.1,Seattle
2025-09-08,70.8,59.0,71.4,60.4,2025-09-08 06:38:00,2025-09-08 19:35:00,0.0,6.8,Seattle
2025-09-09,72.6,58.0,72.3,58.5,2025-09-09 06:39:00,2025-09-09 19:33:00,0.0,6.0,Seattle
2025-09-10,71.3,56.7,71.7,56.9,2025-09-10 06:40:00,2025-09-10 19:31:00,0.0,5.7,Seattle
2025-09-11,72.1,57.1,74.0,58.2,2025-09-11 06:42:00,2025-09-11 19:29:00,0.0,6.6,Seattle
2025-09-12,70.3,58.3,70.1,58.2,2025-09-12 06:43:00,2025-09-12 19:27:00,0.0,4.2,Seattle
2025-09-13,76.6,57.1,74.7,57.3,2025-09-13 06:44:00,2025-09-13 19:25:00,0.0,8.9,Seattle
2025-09-14,68.5,59.5,65.4,56.9,2025-09-14 06:46:00,2025-09-14 19:23:00,0.157,12.0,Seattle
2025-09-15,67.1,54.2,64.0,53.6,2025-09-15 06:47:00,2025-09-15 19:20:00,0.0,9.1,Seattle
2025-09-16,87.5,54.7,86.3,53.0,2025-09-16 06:48:00,2025-09-16 19:18:00,0.0,11.5,Seattle
2025-09-17,76.3,60.0,75.1,58.1,2025-09-17 06:50:00,2025-09-17 19:16:00,0.0,11.8,Seattle
2025-09-18,68.9,56.5,65.3,55.1,2025-09-18 06:51:00,2025-09-18 19:14:00,0.0,11.1,Seattle
2025-09-19,71.9,53.2,69.9,51.5,2025-09-19 06:52:00,2025-09-19 19:12:00,0.0,7.9,Seattle
2025-09-20,76.0,53.6,73.0,53.3,2025-09-20 06:54:00,2025-09-20 19:10:00,0.0,11.6,Seattle
2025-09-21,66.3,57.8,65.7,55.3,2025-09-21 06:55:00,2025-09-21 19:08:00,0.571,12.4,Seattle
2025-09-22,67.4,54.0,66.6,53.1,2025-09-22 06:56:00,2025-09-22 19:06:00,0.0,6.7,Seattle
2025-09-23,68.5,53.4,66.5,51.8,2025-09-23 06:58:00,2025-09-23 19:04:00,0.0,8.9,Seattle
2025-09-24,67.3,54.4,66.2,53.8,2025-09-24 06:59:00,2025-09-24 19:02:00,0.0,7.6,Seattle
2025-09-25,62.2,51.4,60.2,50.0,2025-09-25 07:01:00,2025-09-25 19:00:00,0.0,6.4,Seattle
2025-09-26,68.7,52.3,65.7,49.8,2025-09-26 07:02:00,2025-09-26 18:58:00,0.0,7.3,Seattle
2025-09-27,71.2,57.0,70.1,56.2,2025-09-27 07:03:00,2025-09-27 18:56:00,0.016,11.5,Seattle
2025-09-28,72.2,53.8,70.1,54.0,2025-09-28 07:05:00,2025-09-28 18:54:00,0.0,8.4,Seattle
2025-09-29,63.1,57.6,63.3,56.8,2025-09-29 07:06:00,2025-09-29 18:52:00,0.445,8.6,Seattle
2025-09-30,68.6,55.8,64.3,52.5,2025-09-30 07:07:00,2025-09-30 18:50:00,0.169,13.3,Seattle
2025-10-01,63.0,54.9,60.6,51.9,2025-10-01 07:09:00,2025-10-01 18:48:00,0.205,13.4,Seattle
2025-10-02,67.0,54.3,64.7,52.9,2025-10-02 07:10:00,2025-10-02 18:46:00,0.02,6.9,Seattle
2025-10-03,61.7,51.3,61.2,51.2,2025-10-03 07:12:00,2025-10-03 18:44:00,0.0,4.1,Seattle
2025-10-04,61.3,54.7,59.1,52.4,2025-10-04 07:13:00,2025-10-04 18:42:00,0.024,7.4,Seattle
2025-10-05,60.7,52.3,55.5,48.0,2025-10-05 07:14:00,2025-10-05 18:40:00,0.0,10.3,Seattle
2025-10-06,64.1,49.8,60.5,46.7,2025-10-06 07:16:00,2025-10-06 18:38:00,0.0,8.5,Seattle
2025-10-07,70.0,49.9,72.4,48.4,2025-10-07 07:17:00,2025-10-07 18:36:00,0.0,10.9,Seattle
2025-10-08,59.9,51.3,57.8,47.5,2025-10-08 07:19:00,2025-10-08 18:34:00,0.004,7.2,Seattle
2025-10-09,59.5,51.4,58.1,49.9,2025-10-09 07:20:00,2025-10-09 18:32:00,0.039,8.5,Seattle
2025-10-10,60.7,51.4,59.8,49.6,2025-10-10 07:21:00,2025-10-10 18:30:00,0.094,7.9,Seattle
2025-10-11,56.8,51.0,52.4,48.1,2025-10-11 07:23:00,2025-10-11 18:28:00,0.091,11.9,Seattle
2025-10-12,55.0,47.3,50.1,43.6,2025-10-12 07:24:00,2025-10-12 18:26:00,0.276,13.8,Seattle
2025-10-13,55.7,46.9,46.4,40.6,2025-10-13 07:26:00,2025-10-13 18:24:00,0.043,17.1,Seattle
2025-10-14,55.1,44.2,48.7,39.3,2025-10-14 07:27:00,2025-10-14 18:22:00,0.0,10.8,Seattle
2025-10-15,56.3,40.5,53.9,35.7,2025-10-15 07:29:00,2025-10-15 18:20:00,0.0,5.1,Seattle
2025-10-16,57.1,43.1,55.7,39.2,2025-10-16 07:30:00,2025-10-16 18:18:00,0.0,8.8,Seattle
2025-10-17,58.6,50.7,56.1,46.9,2025-10-17 07:32:00,2025-10-17 18:17:00,0.051,12.1,Seattle
2025-10-18,53.2,47.4,49.0,44.3,2025-10-18 07:33:00,2025-10-18 18:15:00,0.315,10.4,Seattle
2025-10-19,59.4,50.2,52.5,43.5,2025-10-19 07:34:00,2025-10-19 18:13:00,0.209,21.5,Seattle
2025-10-20,58.4,48.1,54.7,44.8,2025-10-20 07:36:00,2025-10-20 18:11:00,0.0,8.3,Seattle
2025-10-21,57.0,45.9,56.2,44.3,2025-10-21 07:37:00,2025-10-21 18:09:00,0.0,5.6,Seattle
2025-10-22,60.6,44.2,56.4,39.8,2025-10-22 07:39:00,2025-10-22 18:08:00,0.008,13.3,Seattle
2025-10-23,61.4,52.8,58.5,50.0,2025-10-23 07:40:00,2025-10-23 18:06:00,0.0,8.3,Seattle
2025-10-24,58.7,48.7,52.1,41.8,2025-10-24 07:42:00,2025-10-24 18:04:00,0.996,17.7,Seattle
2025-10-25,55.1,47.0,49.7,36.9,2025-10-25 07:43:00,2025-10-25 18:02:00,0.315,26.2,Seattle
2025-10-26,48.7,43.8,44.4,37.6,2025-10-26 07:45:00,2025-10-26 18:00:00,0.386,21.4,Seattle
2025-10-27,53.4,42.8,50.7,37.6,2025-10-27 07:46:00,2025-10-27 17:59:00,0.063,9.5,Seattle
2025-10-28,54.5,41.1,49.7,37.0,2025-10-28 07:48:00,2025-10-28 17:57:00,0.201,14.1,Seattle
2025-10-29,57.7,48.7,55.9,43.5,2025-10-29 07:49:00,2025-10-29 17:55:00,0.114,17.4,Seattle
2025-10-30,51.4,43.4,48.5,37.8,2025-10-30 07:51:00,2025-10-30 17:54:00,0.0,8.4,Seattle
2025-10-31,53.8,45.2,51.4,39.8,2025-10-31 07:52:00,2025-10-31 17:52:00,0.654,9.6,Seattle
2025-11-01,60.5,49.6,57.5,41.8,2025-11-01 07:54:00,2025-11-01 17:51:00,0.799,21.5,Seattle
2025-11-02,55.2,46.6,50.4,41.6,2025-11-02 07:55:00,2025-11-02 17:49:00,0.0,13.9,Seattle
2025-11-03,49.4,45.3,45.1,40.9,2025-11-03 07:57:00,2025-11-03 17:48:00,0.122,9.0,Seattle
2025-11-04,55.0,41.8,53.4,38.8,2025-11-04 07:58:00,2025-11-04 17:46:00,0.028,14.0,Seattle
2025-11-05,57.6,52.6,52.6,44.2,2025-11-05 08:00:00,2025-11-05 17:45:00,0.535,19.6,Seattle
2025-11-06,57.4,50.4,49.9,42.4,2025-11-06 08:01:00,2025-11-06 17:43:00,0.87,19.2,Seattle
2025-11-07,55.5,47.3,50.2,39.2,2025-11-07 08:03:00,2025-11-07 17:42:00,0.0,18.0,Seattle
2025-11-08,55.8,42.1,52.9,38.0,2025-11-08 08:05:00,2025-11-08 17:41:00,0.0,5.1,Seattle
2025-11-09,58.9,45.4,56.5,42.1,2025-11-09 08:06:00,2025-11-09 17:39:00,0.0,8.1,Seattle
2025-11-10,59.2,49.9,56.0,46.1,2025-11-10 08:08:00,2025-11-10 17:38:00,0.13,11.3,Seattle
2025-11-11,53.3,45.0,49.1,42.9,2025-11-11 08:09:00,2025-11-11 17:37:00,0.0,6.0,Seattle
2025-11-12,54.6,45.4,53.1,43.2,2025-11-12 08:11:00,2025-11-12 17:36:00,0.165,7.3,Seattle
2025-11-13,57.6,51.8,55.4,48.7,2025-11-13 08:12:00,2025-11-13 17:34:00,0.402,12.1,Seattle
2025-11-14,52.4,47.8,48.8,44.0,2025-11-14 08:14:00,2025-11-14 17:33:00,1.094,10.6,Seattle
2025-11-15,55.3,52.4,54.7,47.6,2025-11-15 08:15:00,2025-11-15 17:32:00,0.02,14.1,Seattle
2025-11-16,54.1,50.5,52.7,48.7,2025-11-16 08:17:00,2025-11-16 17:31:00,0.185,10.1,Seattle
2025-11-17,53.7,45.9,53.0,41.4,2025-11-17 08:18:00,2025-11-17 17:30:00,0.339,8.1,Seattle
2025-11-18,49.1,42.9,45.7,38.1,2025-11-18 08:20:00,2025-11-18 17:29:00,0.0,7.4,Seattle
2025-11-19,51.4,39.1,48.2,34.7,2025-11-19 08:21:00,2025-11-19 17:28:00,0.0,10.0,Seattle
2025-11-20,53.2,45.9,50.6,41.1,2025-11-20 08:22:00,2025-11-20 17:27:00,0.098,9.3,Seattle
2025-11-21,51.4,43.1,47.6,37.7,2025-11-21 08:24:00,2025-11-21 17:26:00,0.0,8.3,Seattle
2025-11-22,51.9,48.6,46.5,43.4,2025-11-22 08:25:00,2025-11-22 17:25:00,0.008,12.5,Seattle
2025-11-23,51.4,46.6,50.0,43.1,2025-11-23 08:26:00,2025-11-23 17:24:00,0.173,12.7,Seattle
2025-11-24,47.6,40.3,43.2,34.7,2025-11-24 08:28:00,2025-11-24 17:23:00,0.173,12.9,Seattle
2025-11-25,45.1,41.8,41.6,37.5,2025-11-25 08:29:00,2025-11-25 17:23:00,0.508,7.9,Seattle
2025-11-26,48.7,44.2,47.0,39.2,2025-11-26 08:30:00,2025-11-26 17:22:00,0.063,6.5,Seattle
2025-11-27,51.4,46.6,48.9,42.6,2025-11-27 08:32:00,2025-11-27 17:21:00,0.654,8.0,Seattle
2025-11-28,50.5,43.3,46.3,39.5,2025-11-28 08:33:00,2025-11-28 17:21:00,0.008,12.6,Seattle
2025-11-29,46.6,40.7,42.7,34.4,2025-11-29 08:34:00,2025-11-29 17:20:00,0.0,6.5,Seattle
2025-11-30,44.8,35.3,40.0,30.3,2025-11-30 08:36:00,2025-11-30 17:20:00,0.0,4.4,Seattle
2025-12-01,45.3,37.1,41.4,33.0,2025-12-01 08:37:00,2025-12-01 17:19:00,0.008,5.0,Seattle
2025-12-02,48.0,40.9,43.3,37.7,2025-12-02 08:38:00,2025-12-02 17:19:00,0.157,7.3,Seattle
2025-12-03,45.5,40.5,42.9,36.9,2025-12-03 08:39:00,2025-12-03 17:18:00,0.016,4.3,Seattle
2025-12-04,46.3,42.6,43.6,37.8,2025-12-04 08:40:00,2025-12-04 17:18:00,0.508,9.1,Seattle
2025-12-05,55.2,45.8,48.1,41.2,2025-12-05 08:42:00,2025-12-05 17:18:00,0.579,22.5,Seattle
2025-12-06,52.6,48.5,44.0,39.4,2025-12-06 08:43:00,2025-12-06 17:18:00,0.008,22.6,Seattle
2025-12-07,54.9,48.1,47.5,42.9,2025-12-07 08:44:00,2025-12-07 17:17:00,0.346,18.9,Seattle
2025-12-08,55.9,49.6,50.8,43.4,2025-12-08 08:45:00,2025-12-08 17:17:00,1.24,24.5,Seattle
2025-12-09,51.5,47.9,48.4,43.9,2025-12-09 08:46:00,2025-12-09 17:17:00,0.551,11.7,Seattle
2025-12-10,57.4,52.0,51.1,44.8,2025-12-10 08:47:00,2025-12-10 17:17:00,1.138,22.4,Seattle
2025-12-11,56.3,46.7,51.2,40.1,2025-12-11 08:48:00,2025-12-11 17:17:00,0.429,19.2,Seattle
2025-12-12,54.4,46.3,52.5,44.1,2025-12-12 08:48:00,2025-12-12 17:17:00,0.0,8.7,Seattle
2025-12-13,54.6,47.0,53.5,43.4,2025-12-13 08:49:00,2025-12-13 17:17:00,0.0,8.3,Seattle
2025-12-14,54.2,48.1,50.6,43.8,2025-12-14 08:50:00,2025-12-14 17:17:00,0.126,10.6,Seattle
2025-12-15,58.1,49.3,51.1,41.4,2025-12-15 08:51:00,2025-12-15 17:18:00,0.665,24.1,Seattle
2025-12-16,55.0,47.9,47.5,41.9,2025-12-16 08:51:00,2025-12-16 17:18:00,0.748,21.6,Seattle
2025-12-17,53.8,43.7,47.7,33.6,2025-12-17 08:52:00,2025-12-17 17:18:00,0.618,25.5,Seattle
2025-12-18,52.0,44.1,42.5,37.6,2025-12-18 08:53:00,2025-12-18 17:18:00,0.406,21.5,Seattle
2025-12-19,45.9,40.7,39.7,31.9,2025-12-19 08:53:00,2025-12-19 17:19:00,0.0,17.2,Seattle
2025-12-20,46.3,41.2,38.7,32.5,2025-12-20 08:54:00,2025-12-20 17:19:00,0.26,16.0,Seattle
2025-12-21,49.3,44.2,44.2,37.0,2025-12-21 08:54:00,2025-12-21 17:20:00,0.059,12.8,Seattle
2025-12-22,50.2,41.4,42.6,34.7,2025-12-22 08:55:00,2025-12-22 17:20:00,0.488,18.1,Seattle
2025-12-23,44.2,38.8,41.0,34.5,2025-12-23 08:55:00,2025-12-23 17:21:00,0.0,9.9,Seattle
2025-12-24,48.3,41.5,42.0,34.5,2025-12-24 08:56:00,2025-12-24 17:22:00,0.161,18.1,Seattle
2025-12-25,44.0,40.4,40.5,34.0,2025-12-25 08:56:00,2025-12-25 17:22:00,0.118,11.3,Seattle
2025-12-26,45.2,37.3,38.4,31.6,2025-12-26 08:56:00,2025-12-26 17:23:00,0.484,19.1,Seattle
2025-12-27,42.1,34.3,36.1,29.4,2025-12-27 08:57:00,2025-12-27 17:24:00,0.02,6.4,Seattle
2025-12-28,41.3,31.7,36.2,26.6,2025-12-28 08:57:00,2025-12-28 17:24:00,0.004,4.3,Seattle
2025-12-29,42.1,34.7,37.4,29.5,2025-12-29 08:57:00,2025-12-29 17:25:00,0.004,5.2,Seattle
2025-12-30,44.1,34.5,39.5,28.9,2025-12-30 08:57:00,2025-12-30 17:26:00,0.0,5.0,Seattle
2025-12-31,42.2,33.8,38.4,28.7,2025-12-31 08:57:00,2025-12-31 17:27:00,0.0,3.5,Seattle
